ï»¿dist_name,state_name,ST_CEN_CD,DT_CEN_CD,censuscode,Y1998,Y1999,Y2000,Y2001,Y2002,Y2003,Y2004,Y2005,Y2006,Y2007,Y2008,Y2009,Y2010,Y2011,Y2012,Y2013,Y2014,Y2015,Y2016,Y2017,Y2018,Y2019,Y2020
anantnag,JK,1,14,14,19.7,20.5,24.6,27.5,28.2,24.3,25,21.9,23.4,28.2,24.9,22.6,25.9,26.6,24.3,23.9,26.5,24.1,33.4,26.3,27.4,23.5,23.5
badgam,JK,1,2,2,30.2,30,34.4,38.6,38.1,34,34.3,30.8,34.4,38.1,34.4,30.7,36,37.4,33.9,34.1,36.7,34.8,50.1,37.5,37.2,35.3,34.4
bandipore,JK,1,9,9,19.3,19,22,25.4,25.3,23.1,22.7,20.7,22.4,25.6,23.4,21.8,25.1,24.2,22.4,23.2,24.6,21.7,32,24.6,25.3,22.9,22.1
baramula,JK,1,8,8,30.2,29,32.9,37.7,36.3,33.1,33.2,30.1,33.7,36.1,33.1,29.6,34.4,35,32.1,33.2,34.6,32.9,47.7,36.4,35.8,34.4,33.7
doda,JK,1,16,16,23.6,24.4,28.4,30.8,32,27.8,27.4,24.7,24.9,28.6,26.8,24.3,27.7,27.4,28.1,27.5,29.4,26.7,34.8,31.1,32.3,26,26.8
ganderbal,JK,1,11,11,17.4,17.6,21,23.8,24.4,21.7,21.7,19.4,20.2,24.3,21.4,20,23.3,23.1,21.2,21.8,23.5,20.9,30.5,22.8,23.8,20.9,20.7
jammu,JK,1,21,21,32.7,32.7,36.3,39.5,38.6,37.5,37.2,36.7,36.4,41.2,43.9,39.4,42.7,42.2,44.8,41.6,46.1,46,52.1,45.3,45.6,40.1,41.7
kargil,JK,1,4,4,11.3,12.6,14.6,15.8,16.4,15,15.6,14,12.9,14.3,13.3,13.8,14.5,14.6,15.2,14.8,15.1,13.8,19.2,14.8,15.9,13.2,13.8
kathua,JK,1,7,7,24,23.7,28.5,30.9,30.8,29,28.8,27.9,27.5,30.4,31.8,29.1,30.9,31.7,32.4,31.2,33.5,33.2,39.1,33.9,34.9,29.5,31.2
kishtwar,JK,1,18,18,17.3,18.5,22.3,24.1,24.4,22,22.7,20.4,20,22.6,20.4,20.2,22.2,22.2,22.1,21.9,22.7,20.9,28.3,22.6,24.7,20,21.4
kulgam,JK,1,15,15,29.5,29.8,34.2,38,38.7,33.4,33.3,29.2,32.9,37.1,33.4,30,34.6,36.6,33.3,32.7,36.1,33.8,46.9,36.8,35.8,33.8,32
kupwara,JK,1,1,1,25.6,24.3,27.5,32.1,30.5,28.4,27.8,25.1,28.1,29.4,28.3,26.1,29.4,28.4,26.7,28,28.7,26.1,37.7,30,30.3,27.4,26.6
leh_ladakh,JK,1,3,3,5.8,7.5,9.6,9.3,9.3,7.7,8.5,7,7,6.8,6.4,6.8,6,6.6,7.6,6.8,7.3,6.7,7.9,7,7,5.8,5.6
pulwama,JK,1,12,12,24.1,24.6,29,32.7,33,28.7,29.3,25.8,30,34.1,30.1,26.7,31.4,32.9,29.1,28.6,32.4,29.7,43.4,32,32.1,29.8,28.7
punch,JK,1,5,5,31.1,31,35.8,40.8,39.6,36.3,35.9,32,34.1,37.1,35.9,33.2,37.5,36.2,36.2,35.3,37.1,35.5,47,38.9,39.3,35.1,34.6
rajouri,JK,1,6,6,27.4,28.9,33.8,38.1,37.5,33.8,33.6,30.1,30.8,35.1,36.3,33,35.5,33.7,36.7,34.1,37.3,35.3,44.1,37.9,38.9,32.7,32.7
ramban,JK,1,17,17,24,24.8,29.6,32.4,34.1,27.9,28.1,25.1,26.2,31.9,29.3,25.3,29.1,29.9,29.2,27.7,31.1,28.4,37.1,32.7,32.3,27.1,27.3
reasi,JK,1,20,20,26.7,27.4,32.1,36,36.1,31.2,31.6,28.6,29.4,34.1,34.1,30,32.8,33.3,34.5,31.7,35.6,34.2,43,36.9,36.5,31.5,31.3
samba,JK,1,22,22,29,28.3,33.7,36,35.3,33.7,34.5,33.7,33.1,37.9,40.8,36.8,39.2,39.2,41.7,38.3,43.2,42.6,47.7,42.1,41.6,35.7,38
shupiyan,JK,1,13,13,28.4,28.8,33.2,37.4,37.6,32.7,32.9,29.2,33.2,37.4,33.2,29.9,34.7,36.1,32.6,32.1,35.6,32.9,47.4,36.1,35.7,33.1,31.8
srinagar,JK,1,10,10,23.6,23.2,27,30.8,30.7,27.6,27.5,24.9,28.4,32.3,28.9,25.9,30.4,31.2,27.6,28,31,28.7,41.8,30.6,30.8,28.9,28.1
udhampur,JK,1,19,19,24.5,24.6,29.4,32.1,32.8,28.3,28.3,26.2,25.6,29.5,30.1,27.1,28.7,29.6,31.1,28.8,32.2,30.4,38.6,34,34.2,28.3,28.6
bilaspur,HP,2,8,30,23.5,23,29.1,30.6,31.8,33,33.9,30.2,30.7,30.5,33.7,33.3,35,34.9,33.7,33.2,34,35.3,41.3,36.7,38.3,34.7,35.4
chamba,HP,2,1,23,19.7,20.7,26.1,27.5,27.7,26.1,26.3,22.7,22.9,23.6,23.3,22.7,24.4,24.1,25.1,25.4,26,25,31.5,28,29.3,24.3,26.1
hamirpur,HP,2,6,28,21.3,20.7,25.5,28.2,29.1,29.3,30.1,26.8,27.2,27.4,29.4,29.6,30.7,30.8,30.4,30,30.5,31.9,38.3,32.9,34.5,30.7,31.4
kangra,HP,2,2,24,20,19.8,24.7,26.8,26.7,27,26.8,24.6,24.8,26.1,27.2,26,27.4,27.8,27.9,28.2,28.7,29.5,35.2,30.3,31.2,27.7,29
kinnaur,HP,2,12,34,15.9,17.1,25,23.7,23.6,24.6,26.5,21.9,21.3,21.2,23.5,23.7,22.5,24.1,27.2,25.2,27,26.8,30,25.2,26.3,21.4,23
kullu,HP,2,4,26,17,17.7,26.4,26.4,25,25.9,27.3,22.5,22.7,22.4,24.1,24.3,23.8,25.2,26,25.6,26.6,25.6,30.7,26.5,27.6,23.9,24.3
lahul_spiti,HP,2,3,25,13.1,14.8,20.4,19.9,20.6,20.4,22.1,18.2,17.3,18.2,19.2,20.6,18.4,19.2,21.1,19.7,21.3,20.5,24.4,21.3,22.3,18.1,19.5
mandi,HP,2,5,27,20,20,27,27.9,27.2,28,28.2,23,24.3,23.4,25.7,25.4,26.4,26.4,26.6,26.7,27.8,27.5,32.6,28.4,30,26.5,26.4
shimla,HP,2,11,33,22.5,22.3,31.2,30.9,29.6,30.8,31.1,25.5,25.9,25.1,28.3,26.4,27.9,29.1,28.9,28.5,29.5,28.5,32.8,28,30.3,26.5,26.6
sirmaur,HP,2,10,32,26.1,26.4,34.3,33.9,34.8,36.6,37,30.3,32.8,32.3,37.7,33.8,36.4,38.1,35.4,35.9,36.1,38.5,42.9,38.1,39.9,35.6,35.3
solan,HP,2,9,31,22.6,23,29.2,30,30.7,32.6,32.6,28.3,29.5,29.1,32.8,31.6,34.2,33.9,32.1,32,32.4,33.5,39,34.8,36.1,32.9,33.3
una,HP,2,7,29,26.8,25.9,31.9,33.6,35.6,37.2,38,35.7,34.7,35.8,39.6,39.1,40.5,41.5,41.1,38.7,39.2,41.2,48,42.7,43.9,38,41.2
amritsar,PB,3,15,49,49.9,51.9,63.2,63.7,63.7,68.8,67.9,71.5,70,72,78.9,72.2,78.7,79.8,74.3,74.4,77.9,78.2,90.1,77.7,83.3,73.1,75.7
barnala,PB,3,20,54,53.3,57.4,64.9,65.6,68.8,73.5,73.6,70.9,66.8,71.6,76.2,73.8,89.8,87,79.2,81.6,72.5,81.9,87.4,76.2,85.8,76.3,77.5
bathinda,PB,3,12,46,54.8,56.4,65.6,68.2,71.6,78,74.7,69.9,69.9,75.6,74.6,72.1,86.5,82.8,78.1,79.1,77.8,79.6,87.7,76.4,83.2,74.3,77.9
faridkot,PB,3,11,45,57,62.2,68.9,71.8,78.4,78.6,76.9,69.7,74.5,80.2,81.3,73.5,90.5,83.2,76.3,78,77.5,80.6,88.4,77.6,82.2,76.2,76.6
fatehgarh_sahib,PB,3,6,40,42.1,45.2,50.4,51,54.8,59.5,61,57.4,56.8,58.3,66.5,60.1,68.1,69.7,65.4,65.9,65.8,69.7,77.1,72.1,72,66.7,65.1
firozpur,PB,3,9,43,50.6,55.3,63.4,66.6,70.4,71.4,72.6,67,71,75.4,74.1,67.8,84.2,74.7,74.9,73.7,75.3,78.7,80.4,73.8,77.2,72.2,73.8
gurdaspur,PB,3,1,35,37.8,36.9,43.5,44.2,45,47.5,46.4,49.8,45.6,50.5,53.5,52.4,52.9,55.7,54.9,53.4,56.1,57.9,63.4,55.1,58,50.6,55.4
hoshiarpur,PB,3,4,38,37,35.4,42.4,41.9,43.8,47.5,47.1,47,45.4,48.3,52.6,51.4,53.2,55.8,53.4,52.3,52.4,55.7,60.6,54.9,57.1,50.4,54.6
jalandhar,PB,3,3,37,49.6,50.6,60.6,59.8,61.7,67.6,68,67.5,65.8,69.5,75.6,71.2,76.8,80.4,71.6,76,72.2,77.5,85.5,75.4,79.9,71.7,74.6
kapurthala,PB,3,2,36,51,52.9,62.7,61.8,62.5,68.4,69.1,70.5,67.7,71.5,77.7,73.1,77.1,81.5,72.8,76.6,74.4,78.7,86.8,75.8,80.7,72.4,75.4
ludhiana,PB,3,7,41,48.9,51.6,59.8,60.6,63.5,68.6,69.3,67,65.4,68.8,74.7,69.7,80.8,80.1,72,76.5,72.7,78.7,85.9,76.2,80.8,73.4,75.3
mansa,PB,3,13,47,50.9,51.4,61.3,63.4,67.2,76.6,71.7,72.6,68.9,74.4,74.3,72.7,85.5,84.9,80.6,80.8,76,81.9,89.5,79.1,85.7,77.6,78.7
moga,PB,3,8,42,56.2,60.9,68.8,69.6,74,76.4,77.4,71.9,72.8,75.6,80.5,72.3,88.6,85.9,75.8,81.1,75.5,80.8,88.1,77,84.7,76.9,79.8
muktsar,PB,3,10,44,53.8,56.4,64.7,67.7,71.6,75.4,73.3,65.7,69.6,78.2,73.3,69.5,86.1,77.1,76.5,74.6,78.1,78.6,81.6,72.7,77.8,71.1,75.8
patiala,PB,3,14,48,43.1,46.7,52.1,52.8,57.3,62.8,64.9,60.4,58.7,62.1,68.6,64.8,75.3,75.6,68.6,70.1,68.8,72,81.8,71.9,75.5,69.7,69.4
rupnagar,PB,3,17,51,30.8,31.2,37.2,38.2,38.8,42.3,43.5,41.4,42.3,42.9,48.4,44.8,49.7,49.8,47.6,47,47.6,50.2,56.9,51.1,52.6,48.4,48.8
sahibzada_ajit_singh_nagar,PB,3,18,52,33.6,34.8,39.5,40.8,42.2,44.8,47.1,43.2,44.5,44.9,52.2,47.9,53.2,54.2,51.7,52.6,52,55.2,60.9,55.5,57.5,53.1,53.5
sangrur,PB,3,19,53,47.6,51.2,59,60.6,63.4,70.8,70.3,69.1,64.6,70.2,73.9,72.2,87.4,84.4,78,78.3,73.6,80,91.4,77.5,83.3,76.2,76.4
shahid_bhagat_singh_nagar,PB,3,5,39,41.5,41.3,48.8,48,49.5,54.5,55.3,54.8,54.8,56.3,62.1,58.7,64.3,65.4,60.5,61.9,61.7,65,71.9,65.3,66.3,60.9,63
tarn_taran,PB,3,16,50,52.1,58.3,69.6,71,70.9,75.3,78,79.7,80.9,82.4,88.6,80.2,86.7,87.3,76.6,79.2,82,83.6,97.6,83.8,90.5,82,82.4
chandigarh,CH,4,1,55,30.6,31.2,36.4,38.3,38.3,41.2,43.3,39.7,41.3,42,48.2,44.1,50,50.3,48.3,49.3,48.9,51,56.8,51.5,54.1,49.4,50.4
almora,UK,5,9,64,22.2,21.4,28.2,27.9,27.6,26.7,30.7,24.6,26,26.1,29.2,27.6,26.4,29,29.5,28.6,28.8,29.5,30.9,28.7,29.2,26.3,25.7
bageshwar,UK,5,8,63,19.6,19.5,27.1,27.1,26.7,22.4,27,23.7,23.4,25.1,27.6,24.4,24.3,27.3,27.6,26,26.6,27.3,27.4,25.7,27.6,25.3,25.1
chamoli,UK,5,2,57,19.5,19.8,29,27.8,26.8,25.5,29,24.2,23.9,24.8,29.2,26.4,25.5,28.2,30.2,27,28.6,29.5,30.4,28,29.3,25,25.7
champawat,UK,5,10,65,20.1,19.7,25.9,28.8,26.9,29,30.8,25.3,27.1,29.1,31.8,30.2,29.7,31.5,31,29.8,31.2,32,35.5,30.6,31,29.6,27.5
dehradun,UK,5,5,60,29.3,29.6,38.1,37.7,38.3,41.1,41.8,33.6,36.9,35.8,42.3,38.5,40.1,43.6,39.4,41.1,40.8,43.1,47.4,43.2,46,39,38.1
garhwal,UK,5,6,61,25.9,24.9,32.8,32.4,32.3,33.9,37.7,29.8,31.7,30.9,35.6,33.4,32.6,36.8,35.5,36.6,34.5,36.2,38.2,36.2,37.5,31.8,32.1
hardwar,UK,5,13,68,34.7,36.7,42.7,42.6,43.3,48.5,51.3,44.4,48,49.9,55.9,53.7,55.9,60.1,52.3,58.8,55.3,60.3,65.1,58.3,62.7,52.3,54.4
nainital,UK,5,11,66,23.9,23.4,30,32.3,31,35.2,37,30.5,33,33.9,39.2,36.4,36.8,39.3,40.5,38.5,38.7,40,42.7,38.9,40.1,36.8,35.4
pithoragarh,UK,5,7,62,16.4,16.5,25.8,27.5,25.5,24.2,26.3,21.7,22.4,24.2,26.6,24.8,24.4,26,28,25,26.6,26.9,27.8,25.3,26.6,24.3,23.6
rudraprayag,UK,5,3,58,24,23.2,33,30.6,29.4,29.4,32.4,27.6,26.7,26.8,32.2,28.2,28.2,32.2,31.9,30.2,31.2,32,32.2,30.6,32.1,27.9,28
tehri_garhwal,UK,5,4,59,27,26.2,35.5,33.9,33.7,34.8,37.2,29.6,30.5,29.4,34.7,31.5,31.7,36.1,33,33.3,32.8,34,36.5,34.2,36.2,30.6,29.9
udham_singh_nagar,UK,5,12,67,29.8,30.2,37.3,39.7,38.2,42.7,44.4,39.9,43.1,45.6,51.8,47.3,49,51.6,53,51.4,49.6,52.6,56.7,51.2,53.9,49.7,48
uttarkashi,UK,5,1,56,22.9,22.8,32.7,31,29.5,30.7,32.9,26.9,26.5,26.1,30.1,27.8,28.5,30.3,31.8,29.8,31.5,31.2,34.3,29.8,31.9,26.8,27.6
ambala,HR,6,2,70,40,41.9,46,44.8,49.3,51,55,49.6,51.6,53.1,60.8,56.8,63.5,65.4,58.5,61.3,61,65.1,71.3,63.2,66.9,62.5,63.3
bhiwani,HR,6,13,81,51.9,54.3,60.4,63.8,66.6,74.3,72.4,67.6,68.9,74.2,76.2,76.7,85.2,87,83,77.8,77.3,80.9,80.6,82.4,84.8,89.2,79.4
faridabad,HR,6,20,88,72.8,72.6,80.6,88.6,89.2,99.2,94.7,91.8,85.5,97.5,103.2,101,113.1,119.3,107.4,104.1,99.9,102.3,112.5,108.7,110.7,110.5,105.5
fatehabad,HR,6,10,78,50.3,51.7,59.3,61.3,64.2,74.4,70.7,70.4,68.7,75.1,73.9,71.8,83.7,83.7,79.8,78,76.5,82.5,86.3,81.6,84.3,80.8,83.9
gurgaon,HR,6,18,86,69.8,70.2,80.7,87.1,92.7,102,99,93.1,85.6,94.4,103.6,96.4,113.7,117.8,105.4,104,98.1,104.6,113.4,111.3,114.8,114.4,104
hisar,HR,6,12,80,52.9,55.5,60.2,62.5,64,75.3,73.5,69.5,70.6,76.9,77,75.8,87.1,89.4,82.5,79.6,78.7,82.5,84.1,84.1,85.3,87.2,83.8
jhajjar,HR,6,15,83,66.3,69.6,77.2,85,84.6,95.4,93.5,87.5,83.2,92.3,99.6,93.7,109.1,114.8,102.6,99.6,94.9,99.9,105,103.8,107.1,108.4,97
jind,HR,6,9,77,51.3,56.9,61.6,65.6,67.6,79,78.5,76.6,72.3,80.5,83.6,77.8,95.3,95.9,87.1,85.2,82.8,84.1,92.9,86.2,93.4,89.6,85.2
kaithal,HR,6,5,73,47.9,53,57.7,59,63.2,72.3,72.5,70.2,67.4,72.6,78.9,73.5,88.5,86.9,78.1,79,76.7,79.8,88.1,80.3,85.9,79.5,77.8
karnal,HR,6,6,74,49.9,55.1,59.6,58.3,64.1,72.8,73.7,70.7,70.8,74.6,83.4,78.1,90.5,90,76.2,81.8,79.7,82.5,87.2,81.1,88.8,80.5,81.1
kurukshetra,HR,6,4,72,44.3,47.4,52.1,49.9,56.3,60.8,63.9,59,61.5,63.1,71.6,68.3,77.6,77.8,66.3,71.3,71.1,74.7,81.7,73,78.2,71.2,73
mahendragarh,HR,6,16,84,49,52.7,59.3,64.9,69.3,74.2,72.3,66.9,67.1,70.7,73.4,73.3,83.7,82.1,79.2,76.3,74.8,78,78.1,76.5,79,84.2,74.5
mewat,HR,6,19,87,65.6,65.9,73.8,83.9,85.9,92.7,90.7,87.3,80.7,85.8,94.7,89.5,103.9,107.1,98.2,95.9,91,95.2,102.6,101,101.7,104.9,98.5
palwal,HR,6,21,89,73.5,72.8,78.2,89.1,88,99.1,95.8,94.8,84.7,93,99.9,97.4,108.8,115.1,105.4,101,97.5,99.1,107,105.3,106,107.5,103.7
panchkula,HR,6,1,69,26.5,27.6,32.9,34.1,34.9,37.4,38.9,34.5,36.7,37.1,42.6,39.3,43.7,44.1,41.6,42.5,41.7,44.7,50.3,45.2,46.7,43.1,43.6
panipat,HR,6,7,75,57.5,63.9,70.7,72.6,77,85.4,87.9,84.2,80.5,88.6,95.3,91,106.9,107.1,92,96.7,93.9,93.6,98,93.5,101.9,92.4,91
rewari,HR,6,17,85,57.6,62.1,68.6,77,80.4,88.2,87.2,80.2,76,80.8,89.1,84.2,98.7,100.6,91.5,88.9,84.7,91.5,96.3,94.2,95.7,101.2,88.7
rohtak,HR,6,14,82,63,67.7,73.6,79.3,78.3,90.2,90,85.3,81.1,90.9,96.9,91.8,106.6,113.6,101,96.9,93,95.6,99.9,98.2,104,103.7,95.3
sirsa,HR,6,11,79,51.9,53.2,60.7,63.4,65,74.4,70.7,67.5,70.9,76.7,70.2,72.4,82,79.1,81.3,76.3,79.7,79.5,79.9,81.9,80.7,75.7,77.9
sonipat,HR,6,8,76,64.6,69.7,77.6,82.7,83.3,94.3,96.1,89.4,83.4,95.1,102,96.7,113.5,117.2,102,104,99.9,101,105.5,103.3,109.4,102.7,96.8
yamunanagar,HR,6,3,71,38.1,39.9,45.8,43.6,47.6,50.2,53.7,48.2,51.4,53,61.5,55.9,61.3,63.5,57,60.3,60.5,65.2,70.7,61.6,66.3,61,61.4
central,DL,7,6,95,82.5,85.2,93,97.8,102.3,115.4,109,106.9,99.9,109.7,116.1,108.1,131.2,133.7,119.9,119.7,114.7,114.7,128.1,123.5,128.8,125.6,117.6
east,DL,7,4,93,81.9,83.4,92.9,96,99.3,112.4,105.9,102,97.8,108.5,113.8,106.8,129.6,130.4,119.5,116.9,112.8,111.5,126.5,121.9,125.3,121.9,112.8
new,DL,7,5,94,83.3,86,94.4,96,104.4,117.1,109.6,107.1,100.6,110.2,116.7,109.2,131.7,133.3,120.1,120.1,115.5,115,128.2,124.5,129.4,126.4,116.9
north,DL,7,2,91,79,81.6,89.4,95.7,97.4,109.8,103.8,100.6,94.8,106.4,111.3,106.2,126.5,130,115.9,116.3,110.3,111.7,123,118.6,122.3,119,112.1
northeast,DL,7,3,92,77.9,79.3,88.7,94,95.1,108.4,102.6,98,92,104.9,108.5,104.8,123.3,126,114.5,113.7,108.7,109.7,122.5,116.8,118.9,115.5,107.9
northwest,DL,7,1,90,78.5,80.8,89.1,95.5,94.3,107.4,102.7,98.3,93.3,105.6,110.9,106.5,124.9,129,114,115.5,108.8,111.3,118.7,117.1,120.1,116.8,108.8
south,DL,7,9,98,79.9,81.2,91.3,92.9,99.6,110.6,103.6,101,95.8,105,111.7,105.4,126.8,127.8,115.9,114.5,110,110.2,122.5,119.5,123.3,120.6,111.8
southwest,DL,7,8,97,80.4,81.5,91.1,94.5,101.2,112.8,106,101.8,96,107,112.7,105.9,126.8,129.9,116,115.9,110.8,113.6,121,120,123.6,122.1,110.7
west,DL,7,7,96,81.9,84,91.3,97.6,101,113.4,108,103,96.6,108.7,114.4,107,129.2,132.6,119.2,118.7,113.6,115.2,122.6,120.1,124,122.2,112
ajmer,RJ,8,21,119,46.9,50.6,47.6,53.2,60.2,61.7,58.8,57.2,58.7,57,57.7,61.4,64,64.8,63.4,63.3,59.5,61.8,60,56.7,59.5,62.2,59.9
alwar,RJ,8,6,104,54.5,56.4,61.7,69,72.5,76.3,75.1,71.5,69.2,73.5,78.9,76.2,85.6,85.3,80.9,78.5,76.5,79.6,84.4,79.8,80.8,85.9,80.3
banswara,RJ,8,27,125,32,32.9,34.2,37.3,40.1,42.7,41.3,41.5,43.5,42.7,45.7,45,45.5,48.3,49.8,46.9,47.2,46.4,44.9,50.2,49.2,53.3,48.6
baran,RJ,8,30,128,36.8,37.4,39.7,44.3,49.7,53.8,50.6,48.7,49.3,50.8,55.9,53.1,54.5,59.6,60,58.1,55.9,54.5,54.7,54.3,56.2,59.6,57.8
barmer,RJ,8,17,115,54.1,58.6,57.3,60.4,66.5,65.2,67.7,62.6,66.6,61.2,64.5,66.1,65,64.1,69.3,64.3,61.1,71.5,61.5,64.3,68.1,63.3,64.1
bharatpur,RJ,8,7,105,68.2,66.6,71.5,79.2,83.9,85.7,84.2,83.2,78.1,84.1,89.9,88.3,95.1,97.5,93.7,89.8,89.2,91.9,93.9,94.2,93.1,99,95.5
bhilwara,RJ,8,24,122,43.1,47.5,43.1,49.1,54.1,57.4,53.8,52.1,53.5,51.2,53.9,55.7,58.9,61.3,61.1,60.2,54.6,56.5,54.3,53.3,55.9,58.5,55.4
bikaner,RJ,8,3,101,42.7,45.1,46.7,49.7,53.4,54,56.3,56,57.9,59.9,55.4,58.7,64.2,55.7,63.5,59.5,59.6,68.7,58.7,54.6,60.2,57.3,56.1
bundi,RJ,8,23,121,47.8,49.4,47.3,52.3,58.4,61.3,57.6,56.7,57.5,57.3,61,61.6,65,65.6,68.4,66.2,63.1,63.1,61.5,60.1,62.9,65.7,64.2
chittaurgarh,RJ,8,28,126,36.1,38.2,36.7,42.8,46.6,50,47.5,47.4,48,46.7,50.8,49.9,52.8,55.9,57.6,55.2,49.8,51.6,49.6,51.4,52.3,56.2,51.6
churu,RJ,8,4,102,37.6,38.4,43.4,49.8,53.4,57.9,57,55.2,56.9,58.2,57.3,59.2,66.8,60.3,64.8,62.1,62.5,65.8,59.8,59.2,62.6,61.1,58.8
dausa,RJ,8,11,109,56.5,56.5,57.1,63.5,69,71.9,68.3,67,64.4,69.1,73,71.5,75.1,75.7,75.5,73.1,71,72.8,75.7,70.8,72.6,77.2,74.6
dhaulpur,RJ,8,8,106,66.6,66.3,66.9,73.1,82.5,82.9,81.2,80.1,75.7,82.6,89.8,88.2,89.5,92.8,92.2,89.3,87.3,88.1,88.5,90.9,90.2,97.4,98.8
dungarpur,RJ,8,26,124,36.6,38,36.3,40.1,42.2,44.2,42.7,43,43.5,42.6,46.2,44.5,46,48,51.2,47.1,46.7,46,44.3,48.9,47.4,51.9,47.5
ganganagar,RJ,8,1,99,42.5,46.2,50.7,51.7,52.3,56.9,57.9,54.9,59.6,62.4,58.2,54.5,68.1,59.6,67.1,60.3,64.5,71.6,61.7,57.4,61.6,58.4,60.6
hanumangarh,RJ,8,2,100,45.5,48.1,52.7,55.6,56.9,64.1,63.5,59.8,64.1,68.4,64.1,63.7,76.1,68.8,74.3,68.4,73.4,73.4,68.2,69.6,70.5,68.6,68.2
jaipur,RJ,8,12,110,50.7,52.6,52.3,58.4,63.8,65.3,61.8,60,61.1,62.1,64.2,64.9,68.9,66.9,67.4,66.9,64.5,65.8,68.5,62.9,65.6,68.3,65.8
jaisalmer,RJ,8,16,114,47.6,51.6,56.3,58.2,63,63.2,65.7,62.5,66.3,59.8,62,65.1,64.7,58.4,66.2,63.4,63.5,72.7,64.1,65,69.9,61.7,63
jalor,RJ,8,18,116,50.5,54.3,51,55.8,61.3,61.7,61.1,56.8,58.7,52.5,57.1,56.7,57.1,56.9,60.8,56.3,54.3,60.6,53,54.9,58,57.7,56
jhalawar,RJ,8,31,129,32.6,33.6,37.6,40.3,46,49.3,46.8,46.7,47.7,49.2,52.1,50.7,51.3,57.2,57.2,55.4,53.2,52.4,52.2,55,54.6,58.6,55
jhunjhunun,RJ,8,5,103,42.7,43.5,49.2,54.4,58.9,63,59.8,56.2,58.8,59,60,61.9,68.7,64.7,66.7,65,63.3,66.2,63.7,61.1,66.6,65.7,61.1
jodhpur,RJ,8,15,113,48.9,53,50.1,55.5,61.5,62,62.5,59.5,63.3,61.2,61.3,64.4,64.9,61.3,66.7,63.4,59.9,69.7,60.4,57.9,63.4,62.2,60.2
karauli,RJ,8,9,107,54.2,53.8,54.4,60.1,67.6,69,66.2,65.2,61.6,67.8,72.8,70.8,72.9,74,74.6,70.9,68.2,70.4,71,69.1,70.7,76.1,75.7
kota,RJ,8,29,127,44.2,44.3,45,49.4,55.5,58.2,55.5,54.6,55.1,55.9,60.5,59.3,61.8,63.9,65.9,63.5,61,60.2,59.4,59.1,61.7,64.6,62.6
nagaur,RJ,8,14,112,46.5,49.1,48.8,55.5,61.3,61.1,60.8,60.4,61,60.7,60.2,63,66.6,62.6,64.6,64.6,62.5,66.9,61.1,57.2,62.6,62.5,61.1
pali,RJ,8,20,118,47,51.4,46.3,52.9,58.6,61.4,59.6,56.2,57.7,54.3,56,57.1,59,60.3,62.2,59.1,56.5,60.7,55.3,53.5,57.5,59.6,56.1
pratapgarh,RJ,8,33,131,29.6,29.6,31.9,36.9,40.7,43.9,42.2,42.6,43.6,43.1,47,46.3,46.6,51.6,53.4,50.1,48.4,48.6,46.9,51.5,50.6,55.7,49.6
rajsamand,RJ,8,25,123,38,41.2,37.4,44.5,48.9,52.1,50.8,48.4,49.4,46.7,49.3,49.6,51.7,56.1,56,54.5,50.8,53.1,50.3,49.1,52.4,54.9,50.6
sawai_madhopur,RJ,8,10,108,54.3,53.9,53,59.1,66.4,67.8,64.8,63.6,61.7,65.3,68.5,68.1,70.8,71.2,73.2,71.2,68.4,68.5,69.1,65.4,69,72.7,71.1
sikar,RJ,8,13,111,42.5,43.7,46.9,53.6,58.4,60,57.6,56.1,57.4,56.6,58.9,59.4,65.4,61.1,63.4,63,60.8,63.2,62.5,57.7,62.6,61.5,59.2
sirohi,RJ,8,19,117,38.8,41.8,38,44.4,47.6,49.8,49.7,45.9,48.2,43.7,47.7,46.8,48.3,51.1,53.1,49.2,48.3,50.2,46.3,47.5,50.8,51,47.6
tonk,RJ,8,22,120,53.9,55.1,52.6,57.8,65.2,66.7,62,61.2,61.5,62.3,63.6,65.3,67.8,67.8,70,69.3,66.4,66.3,66.4,62.1,64.4,68.5,66.6
udaipur,RJ,8,32,130,32.3,33.6,31.7,38.2,41.1,44,42.9,42.4,43.7,41.9,45.9,44.1,45.1,49.9,52.2,48.9,46.4,47.2,45.3,47.4,48.2,51.1,46.6
agra,UP,9,15,146,76.6,75.3,78,84.1,91.1,95.5,92.9,91.3,86,92.8,101.2,96.4,103.3,106.9,103.9,102.2,99.5,99.8,103.3,103.5,102.8,108.4,107.3
aligarh,UP,9,12,143,68.6,67.4,75.2,83.9,85.8,101.2,94.4,93,83.5,89.9,96.6,97.1,110.3,110.3,103.7,101.6,101,101.8,105.8,105.3,104.3,106.7,97.8
allahabad,UP,9,44,175,67.1,64.3,67.8,72.1,74.8,81.8,81,75.1,70.2,77.2,90.4,81,79.4,90.3,86.7,86.5,81.2,74.9,92.9,89.2,84.7,97.4,91.5
ambedkar_nagar,UP,9,47,178,73.9,67.6,77.9,85.3,86.5,96.2,95.9,91.3,90.5,93.4,109.7,104.4,103.4,112.9,101.8,103.4,91.2,96.7,117,102.4,101.5,106.5,102.8
auraiya,UP,9,31,162,82.2,80.7,82,84.4,88.9,94.5,94.3,91.1,82.3,90.2,101.8,93.8,96.9,100.6,96.2,103,97.7,96.9,100.9,102.3,102,105.3,100.4
azamgarh,UP,9,60,191,78,70.4,79.4,87.2,87.1,95.8,97.2,91.4,89.2,94,112,103.3,100.7,111.1,101.7,103.3,93.3,92.6,118.3,99.6,100.8,107.6,104.7
baghpat,UP,9,8,139,59.6,61.2,72.7,80.1,82.4,96.9,92.9,86.1,80.7,91.4,96.6,95.7,111.3,110,97.1,100.3,96.7,100.3,104.3,98.3,102,94.7,91.9
bahraich,UP,9,49,180,54.3,55.9,65.1,71.3,65.4,70.4,73.6,70.8,73.6,76.6,81.7,84.8,82.5,93.3,86.7,81.4,77.6,84.3,85.2,83.9,83.8,81.6,80.5
ballia,UP,9,62,193,70.6,69.2,77.4,90,82.6,89.2,91.2,85.4,88.3,93.6,108.9,98.5,94.5,105.7,96.1,101.8,91.3,90,111.7,92.7,97.1,101.4,99.8
balrampur,UP,9,51,182,47,47.8,58.9,67.2,60.2,63.5,66.9,64.7,70.6,69.2,73.8,77.6,74.4,85.1,76.3,70.1,67.1,78.2,78.3,74.3,75.9,73.9,70.9
banda,UP,9,39,170,59.5,58.6,59.9,64.8,67.7,73.1,73.3,68.5,63.3,72,84.1,73.8,73.9,79.4,79.9,78.5,75.5,72,80.4,81.3,79.1,87.8,84
bara_banki,UP,9,45,176,73.3,72.5,82.9,87.7,89.6,96.7,97.5,90.3,87.8,93.6,105.9,104.8,101.7,113.1,101.4,104.7,94.1,99.2,112.9,107.1,104.3,107.1,101.8
bareilly,UP,9,19,150,53.6,53.2,60.7,60.1,63.8,68.9,69.7,65.7,66.1,70.6,76.3,75.5,82.1,80.2,73,75.9,72,77.8,80.3,76.1,77.3,71.2,74.6
basti,UP,9,54,185,66.9,64.8,75.4,84.9,80.6,88.3,88.4,86.3,89.4,88.5,100.9,100.7,100,110.2,97.8,96.4,86.1,97.2,106.8,98.2,96.9,99,97.9
bijnor,UP,9,3,134,31.8,31.8,38.4,40,42,46.8,50,44,45.7,48,53.4,52.1,53.8,56.1,50.7,56.6,53.1,56.8,62.7,52.6,57.5,47.6,50.9
budaun,UP,9,18,149,61.2,59.2,68,71.5,76.1,88.7,83.5,80.9,73.8,78.9,88.5,86.1,99.5,96.7,86.2,92.2,89.2,92.6,96.8,91.8,92.7,90.1,86.9
bulandshahr,UP,9,11,142,59.9,59.6,67.2,75,77.7,93,85.8,84.4,75.5,83.1,87.7,89.6,103.6,102.2,94.4,93.7,94.9,95.7,98.7,95.5,98,94.2,88.2
chandauli,UP,9,65,196,54.3,52.2,56.2,62.1,63.2,69.5,70.5,63.9,61,66.8,82,70.8,69.3,80.7,71.8,75.2,69.1,67.4,81.7,72.6,73,83,78.5
chitrakoot,UP,9,40,171,53.2,52.2,53,58.1,59.8,65.1,64.2,58.5,56.2,64.2,74.8,64,65.3,71.9,72.2,71.7,67,63.2,73.2,72.6,69.6,78.8,75.6
deoria,UP,9,59,190,70.2,68.4,80.9,93.3,84.6,91.5,91.5,89.2,95.2,98.1,108.3,104.4,101.1,111.4,103.1,103,95.6,98,111.8,97,101,100.4,103.6
etah,UP,9,70,201,75.2,75.1,79.4,86.2,88.6,99.6,94,93.6,86.3,91.6,101.7,96.8,106.6,108.4,102.6,104.2,100.9,101.2,105.4,105.4,104.9,107.7,100.2
etawah,UP,9,30,161,77.7,76.5,78.4,83.2,88.3,94.1,92.8,91,84.2,90.1,101.3,94.5,98.3,102,97,103.3,99,98.4,102,103.5,103,108,104
faizabad,UP,9,46,177,71.3,67.9,79.7,84.9,86.8,96,95.9,90.4,86.5,90.7,106.6,104.8,102.3,111.8,99.5,99.6,89.4,97.5,114.4,104.6,101.5,105.7,101.6
farrukhabad,UP,9,28,159,75.1,73.8,78.4,84.4,86.7,97.3,95.3,92.1,86.7,91.1,102.2,98.1,104.9,105.2,97.2,107.6,98.9,100.9,103.6,103.4,101.4,101.6,97.4
fatehpur,UP,9,41,172,78.6,75.7,78,82.1,85.3,90.8,91.9,86.5,78.8,87.6,102.6,93.2,92.5,98.5,93.1,95,91.5,87,99.3,100.5,96.8,105.6,100.2
firozabad,UP,9,16,147,78.5,78.5,81.2,87.3,92.4,99.4,94.5,95,88.3,93.8,104.3,98.1,106.2,109.9,105.1,105.5,102,101.9,107.8,105.6,106.9,110.7,107.4
gautam_buddha_nagar,UP,9,10,141,71.2,71.3,78.6,86.8,85.8,96.3,90.5,88.5,83.8,97.6,98.8,100.8,112.2,117.5,107.1,103.3,100.3,101,108.6,106,107,105.8,102.3
ghaziabad,UP,9,9,140,56,56.8,66.7,72.7,75.3,92.8,85.1,79.1,72.8,82.9,86.5,87.8,103.6,100.7,91,90.9,91.4,94.9,99.9,92.4,96.7,87.8,84.3
ghazipur,UP,9,64,195,74.9,70.6,77.1,85.3,83.4,91.6,93.4,86.1,82.8,89.7,108.4,96.5,92.5,104.3,95.8,98.3,89.7,86.2,110.9,93.9,93.9,104.9,102
gonda,UP,9,52,183,64.6,64.4,75.6,82.4,78.4,85,87.1,83.9,84.1,85.6,96.1,99.1,96.6,107.4,96.3,93.7,85.2,95.1,102.2,98.3,95.6,96.2,95.2
gorakhpur,UP,9,57,188,68.5,66,77.6,88.3,81.4,89,88,87.1,92.6,93.3,104.2,102.1,100.4,110.5,100.2,99.4,91.9,98.2,108.6,97.1,99.2,99.7,100.8
hamirpur,UP,9,37,168,60.7,59.2,60.8,64.7,69.6,75.5,75.1,71.6,64.9,73.3,84.3,75.9,76.7,80.8,80.8,79.6,79.1,75.6,81.6,83,83.2,89.7,85.1
hardoi,UP,9,24,155,78.9,77.1,84.6,87.1,91.6,97.8,97.8,92,89.1,95.1,107.3,102.6,105.7,111.6,100.6,110.3,98.1,100.9,108.7,105.9,102.6,101.5,98.2
jalaun,UP,9,34,165,66,64,65.4,68.7,74.8,80.6,80.3,76.9,70.3,78.2,88.4,81.2,84.5,87,86,86.7,86.5,82.3,86.4,88.1,88.9,94.5,89.2
jaunpur,UP,9,63,194,80.2,72.2,79.6,84.6,88.5,95.9,97.9,91.6,85.6,91.9,110,100.7,97.6,109.1,101.6,102.9,93.8,89.3,117.1,102.8,97.8,111,107
jhansi,UP,9,35,166,51.6,52,50.8,54.4,60.1,64.2,63.2,61.8,58.1,63.8,71.7,66.4,68.8,72.5,71.6,71.1,71.2,67.4,68.6,69.7,70.5,77,73.8
jyotiba_phule_nagar,UP,9,6,137,41.9,41,48,51.9,60.2,70.4,68.4,62.7,57.6,61.9,69.1,67.2,78.4,76.4,64.7,73.8,70.3,73.8,83.3,70.4,74.9,66.1,66
kannauj,UP,9,29,160,81.9,81.8,84.8,88.2,92.5,100,99.7,94.6,87.3,94.4,106.8,99.1,102.7,106.5,99.2,109.6,101,101.6,107.9,105.9,104.3,105.2,101.2
kanpur_dehat,UP,9,32,163,81.5,79.7,81.5,84.3,88,94.3,94.6,90.3,81.3,90.1,103.4,94.3,97.3,100.3,96.2,100.3,95.7,94,100.4,101.8,101.4,104.6,99.6
kanpur_nagar,UP,9,33,164,81.9,79.7,83.3,86.8,90.4,96.8,98,92.4,84.1,92.6,107.2,98.4,98.8,103.8,98.4,103,97.4,95.2,104.5,104.9,104,108.5,102.2
kansiram_nagar,UP,9,71,202,65.4,65.6,72.3,80.2,82.4,95,89.7,88.7,80.1,85.9,95.9,92.5,103.8,104.5,95.7,99.4,98,98.3,101.6,101.7,100.9,102,94.2
kaushambi,UP,9,43,174,74.3,70.7,73.4,77.8,79.4,86.8,85.6,80,74.7,83,96.7,86.4,86.2,94.7,90.6,90.8,85.9,79.4,96.4,95.4,90.2,101.4,97.2
kheri,UP,9,22,153,50.7,52.4,61.5,67.3,64.4,69.2,71.4,68.2,70.8,75.5,81,82.8,82.5,88.8,81.2,80.1,74.7,81.3,81.5,81,80.8,75.9,74.8
kushinagar,UP,9,58,189,60.4,60.7,73.7,84.4,75.4,80.8,80.8,83.3,92.2,92.1,97.1,100.2,95,103.4,97.2,94.1,90,94.6,97.9,91.9,94.5,92.7,97.8
lalitpur,UP,9,36,167,35.6,37,36.3,40.9,44.4,50.3,48.6,46.5,45.3,49.4,55,51.2,51.5,58.9,56.7,57.9,56.2,52.5,53.9,54.7,53.5,61.2,56.7
lucknow,UP,9,26,157,78.4,77.4,85.9,90.8,94.7,101.3,102.7,93.5,89.8,96.7,110.6,106,103.2,112.4,103.5,109.2,98.3,99.4,114.8,108.3,106,109.5,102.9
mahamaya_nagar,UP,9,13,144,74.7,73.6,80.1,86.5,90.8,103.7,96.4,95.1,87.6,95,103.4,99.5,111.2,111.2,108.3,103.2,101.2,101.9,107.3,107.1,105.6,109.9,102
maharajganj,UP,9,56,187,52.2,53.8,64.9,74.3,64.4,68.8,69.7,72.5,81.7,79,83.6,87.7,82.3,91.9,83.6,79,75.9,84.3,84.5,80.2,83.5,81.5,81.4
mahoba,UP,9,38,169,49.9,50.6,50.5,54.9,59.1,64.6,63.8,61.2,56.9,63.6,72.7,66.3,65.4,70.5,71,69.8,69,66,70.5,70.8,71,78.5,75.9
mainpuri,UP,9,17,148,81.7,80.8,82.8,89.3,92.6,98.9,96.3,95,88.3,93.4,104.7,98.9,105.1,107.3,101,108.2,102.1,102.7,106.6,106.5,106.5,109.2,104.2
mathura,UP,9,14,145,75.7,74.4,80.3,88.6,90.6,100.6,97,96.1,87.4,93.8,100.4,98.5,110.7,113.5,107.4,102.6,101.1,103,108.7,107.4,105.3,109.3,104.5
mau,UP,9,61,192,75.7,70.9,80.2,91.2,85.5,93.7,94.8,89.6,88.7,96.4,111.8,102.4,98.1,108.4,100,103.3,93.1,91.3,115.7,95.5,100.4,104.2,103
meerut,UP,9,7,138,44.2,46.2,55.3,60.7,65.6,81.1,76.2,69.7,66.1,72,78.4,77.3,90.6,87,75.9,80.2,79.1,84.5,89.2,78.4,84.1,73.7,73.3
mirzapur,UP,9,68,199,47.1,46.7,48.8,53.4,55.6,61.1,61,55.6,53,58,70.7,60.7,60,71.2,63.7,66.1,61.8,59.1,71.2,66.3,64.6,75.1,69
moradabad,UP,9,4,135,43.3,42.4,49.4,50.6,56.1,63.6,62.6,57.7,55.7,59.5,66.7,64.7,72,71.5,62.1,69.2,66.3,69.5,75.6,66.6,69.7,62.1,64.8
muzaffarnagar,UP,9,2,133,41,44.7,52,55.1,60.7,69.1,70.3,64.3,64.8,68.4,75.5,72.4,80.8,80.2,66.4,77.6,72.4,78,84.9,73,80.5,69.4,72.9
pilibhit,UP,9,20,151,43.4,44.8,52.7,55.2,55,57.9,60.6,57.5,60.4,65.5,69.8,69.1,70.2,72.4,67.2,67.7,62.6,69.1,70.1,68.4,69.3,62.7,64.3
pratapgarh,UP,9,42,173,81.1,74.2,81.3,84.1,88,95.7,96.8,90,84,90.1,107.5,98.5,97.2,107.1,97.4,100.1,93.1,88.7,112.9,105,97.8,110,105.7
rae_bareli,UP,9,27,158,82,78.8,85.5,87.9,91.5,98.7,100.3,93.1,86.9,93.9,110.2,103.8,101.2,108.7,97.2,102.4,96.2,93.9,111.6,108,103.8,112.5,105.3
rampur,UP,9,5,136,43.6,44.5,50.7,48.7,51.7,57.1,57.7,53.5,54.7,57.9,63.3,61.4,66.1,65.2,61.2,63.4,61.2,64.7,67.7,62.3,66.4,59,63.4
saharanpur,UP,9,1,132,39.2,41.9,47.9,46.8,50.6,55.1,57.8,51.4,55.5,57.6,65.4,61.7,66.5,68.9,58,65.3,63.5,68.3,74.2,65.1,70.4,61.4,63
sant_kabir_nagar,UP,9,55,186,67.6,65.5,76.2,86.6,80.3,87.9,86.7,86.5,91.6,90.9,101.3,100.6,99.5,109.8,98.4,97.5,89.5,98.4,106.5,97.1,97.5,98.8,98.8
sant_ravi_das_nagar,UP,9,67,198,73.6,69.9,74.1,77.9,81.8,88.3,88.4,83.1,77,84.4,99.3,89.8,86.5,99,93.1,93.2,87.8,80.9,102.4,95.5,91.1,105.2,99.9
shahjahanpur,UP,9,21,152,64.7,63.3,70.9,74.7,77.6,84.2,84,80.4,78.8,83.5,92.6,92.2,97.6,99.9,87.3,94.4,86.2,92.2,93.3,93.8,91.8,87.3,87.5
shrawasti,UP,9,50,181,49.6,50.9,61,67.1,60.5,64.6,68.3,66,70.2,70.6,74.7,78.3,75.2,87.5,80.3,73.4,70.9,80,78.6,76.9,77.5,76,73.3
siddharth_nagar,UP,9,53,184,55.2,55.9,65.8,75.5,66.2,69.9,71.9,72.8,79.5,76.8,82.5,85.9,82.7,93.2,83.6,78.3,74.1,85.9,86,80.6,82.7,81.3,79.6
sitapur,UP,9,23,154,68,67.9,77.6,82.2,82.8,87.5,89.9,84.5,84.7,90.5,99.8,100,99.6,109,98.6,102.5,92.5,95.8,101.4,100.7,97.5,95.5,93.2
sonbhadra,UP,9,69,200,30.2,31.5,32.9,37.5,38,41.5,43,38.8,38.9,43.3,50.4,44.6,44.2,51.4,46,49.5,45.8,44.3,49.1,45.6,45,51,48
sultanpur,UP,9,48,179,76.8,70.4,80.7,84.1,88.4,98,98.7,92,86.1,91.1,109,102.8,101.2,110.2,98.6,101.6,91.6,93.9,116.9,105.4,100.1,109,103.3
unnao,UP,9,25,156,83.3,81.8,88.2,92.5,95.8,102.3,104.6,96.4,90,97.9,113.3,105.8,104,110.6,102.8,109,100.6,99.5,113.4,110.4,107.8,112.1,105.2
varanasi,UP,9,66,197,72.7,68.4,73.3,77.9,81.6,88.5,89.8,83.7,77.9,85.8,102.6,92.5,88.9,101.4,92.7,94.3,88.4,83,105.3,94.8,92.3,105.7,101.2
araria,BR,10,7,209,48.6,44.6,49.1,54.1,50,53.5,51.7,57.1,68.1,64,63.6,73.4,60.6,66.9,73.4,68.4,66.7,67.6,61,62.1,70.2,63.7,71.9
arwal,BR,10,38,240,58.2,59,62.1,68.2,67,72.4,73.1,64.8,67.5,73.1,86.5,78,75.3,88.9,80.8,83.8,79.9,73.9,90.3,77,80.1,86.6,85.1
aurangabad,BR,10,33,235,49.1,50.6,52.7,56.9,56.1,60.5,60,53.4,56.3,61.6,72.8,63.7,62.5,74.4,67.4,68.4,65.8,60.7,73.2,63.7,65.1,72.6,72.5
banka,BR,10,23,225,41.1,42.1,45.7,52.3,50.1,48.6,52.5,48.1,58.6,54.5,61,63.1,54.3,68.5,60.7,68.8,61.6,64.1,63.1,60.9,66,65.2,66.4
begusarai,BR,10,20,222,58.9,59.4,66.2,73.7,70.8,72.9,78.4,72.5,83.3,81.6,87.3,91,83.3,98.2,91.7,97.4,92.1,89.3,93.4,90.7,98.2,91.1,91.2
bhagalpur,BR,10,22,224,49.8,49.6,52.4,59.9,56.5,57.4,59.3,57.8,71.1,65.3,70.7,76.5,65.7,79.2,79.2,80,75,75.6,72.8,73.5,80.2,74.1,79.8
bhojpur,BR,10,29,231,62.2,63.7,68.3,78.4,73.8,79.3,80.5,73.4,77.4,81.6,96.8,86.2,84.4,98.7,88.9,93.9,86.7,82.7,101.3,83.9,88.8,93.5,91.2
buxar,BR,10,30,232,65.5,64.5,70.7,80,76.1,82.8,84.2,75.8,76.7,82.5,100.5,87.7,84.3,97,88.6,92,84.4,80.9,102.2,85.2,87.1,95.8,93.3
darbhanga,BR,10,13,215,61.1,59.7,67.1,75.4,70.1,73,73.7,76.1,90.4,87.2,88.9,98.4,85.9,94.6,93.8,92.9,89.8,89.7,90.7,86.8,92.7,86.3,93.2
gaya,BR,10,34,236,45.2,46.4,48.6,53.1,52.8,56.4,56.7,49.7,53.5,58.3,67.9,60.5,59.6,72.1,65.1,67,64.4,60,70.9,61.2,63.4,70.1,69.9
gopalganj,BR,10,15,217,68.5,69.9,82.9,94.6,85.4,90.6,91.9,91.2,101.3,102,108.8,108.1,101.9,111.7,106,106.1,100.1,99.9,111.7,100.2,103.4,100.9,107.6
jamui,BR,10,36,238,40.3,39.9,45.3,51.5,50.6,50.2,54.4,48.3,55.8,55.9,62.1,60.9,55.3,70.1,60,67.5,61.5,63.1,65.9,60.9,65.8,66.8,66.7
jehanabad,BR,10,37,239,55.7,56.7,60,66.9,65.7,70,71.1,62.9,67.6,71,83.7,78,75.9,89.7,80.9,86.1,81.5,75.9,89.8,76.5,81.7,85.7,84.5
kaimur_bhabua,BR,10,31,233,46.5,45.9,49.5,55.3,54.9,60.8,61,53.9,53.1,58.2,71.9,60.3,59.4,70.3,61.9,65.2,59.7,59.1,70.4,62,63.4,71.8,67.3
katihar,BR,10,10,212,51.4,48.9,50.6,57,52.9,56.4,54.2,58.4,70,64.5,68.6,76.1,62.6,73.4,83.3,73.8,72.7,73.1,67,70.5,77.3,69.7,81.1
khagaria,BR,10,21,223,57.7,57.8,63.1,70.9,67.5,69,71.7,69.8,82.1,78.6,82,88.8,79.1,92.9,92.8,92.6,87.3,86.1,86,85.9,93.6,85.5,89
kishanganj,BR,10,8,210,42.7,39.3,42.4,45.9,42.5,47.6,44.5,49.1,57.4,54,54.6,63,51.7,56.9,61.5,57.2,56.3,56.2,52.2,53.5,60.1,55,61.9
lakhisarai,BR,10,25,227,49.6,49.8,56.1,62.5,61,62.3,67.5,60,68.2,68.4,74.8,75.3,70.1,83.6,74.8,82.5,78.4,76.9,80.3,75.6,82.8,80,79.3
madhepura,BR,10,11,213,54.5,52.2,56.7,63.6,59.4,62.2,62.1,65.5,78.4,74.5,75.9,84.3,73.1,82.3,88.6,82.5,79.2,81.1,75.4,75.8,84.4,76.3,83.8
madhubani,BR,10,5,207,55.1,53.9,60.8,67.9,62.8,65.7,64.4,68.9,80.5,78.2,79.3,88.9,74.3,80.4,81.7,81.1,80.2,80.3,77.1,74.1,81.1,75.6,83
munger,BR,10,24,226,47.8,48.1,54,60.5,58.1,58.5,63,58.1,68.9,65.6,71.1,74,65.9,80,73.9,79.9,74.9,74.3,74.6,72.4,79.3,75.7,76.8
muzaffarpur,BR,10,14,216,66.8,67.1,77.2,87.5,80.3,84.5,85.9,85.4,98.6,97,101.4,104.9,95.6,106,99.2,102.7,97.6,97.1,106.7,95.4,101,95.6,101.2
nalanda,BR,10,27,229,55.1,55.6,59.9,67.8,66.3,69.6,72.2,64.3,70.8,73.4,83.4,80.8,78.5,92,82.4,90,84.7,80,91.2,79.9,87.4,87,86.6
nawada,BR,10,35,237,46.2,46,50.7,57,56.5,58.9,61.5,53.9,59,62.3,71.1,66.3,64.3,77.9,69.2,73.9,70.5,68,76.1,67.7,71.8,75.2,75.2
pashchim_champaran,BR,10,1,203,49.4,50.9,62.8,71,63.8,67.5,68.8,71.7,81.2,80.2,85.1,89.8,82.2,87.2,83.7,81.2,77.5,80.2,82.9,79.3,83.4,80.3,83.8
patna,BR,10,28,230,59.1,60.4,65.5,74.2,71.3,75.2,78.1,71.3,77.9,80,90.7,88.3,85.4,100.2,88.8,96.9,90.7,86.2,99,85.5,94.2,92.4,91.3
purba_champaran,BR,10,2,204,61.1,62.8,73.8,82.1,75.7,80.1,80.7,81.7,92.4,92.1,97.2,100.1,91.5,96.5,94.8,95.2,90.8,90.9,97.8,91.8,94.3,91.5,98
purnia,BR,10,9,211,52.2,48.5,51.6,57.6,53.2,57.1,55.3,60.5,72.3,68.2,69.5,77.9,65.5,73.7,83.1,75.1,72.8,74.4,67.2,69.8,77.7,70.1,80.4
rohtas,BR,10,32,234,49.2,49.6,52.9,58.5,57,62.4,62.1,55.1,56,61.5,74.6,63.1,61.7,73.4,66,68.4,64.3,61,73.7,63.7,65.3,73.1,71.2
saharsa,BR,10,12,214,58.5,56.5,62.4,69.9,65.4,67.5,68.3,70.6,83.7,80.5,81.5,90.7,79.8,89.8,94.4,89.1,85.5,85.7,83.3,82.3,90.7,82,88.6
samastipur,BR,10,19,221,63.6,63.4,70.7,79.7,74.8,77.4,82,78.3,90.5,88.6,93.2,98.9,90.2,104.5,98.2,101.4,96,93.3,99.9,94.2,102,94,96.3
saran_chhapra,BR,10,17,219,67,68.6,77.3,89.5,81.7,86.3,88.3,85,93.3,94.1,104.4,99.9,95.2,109.5,97.5,105.2,96.6,94.8,111.3,94,102.1,99.4,99.8
sheikhpura,BR,10,26,228,52.7,52.9,57.5,65,63.9,66.2,69.8,61.4,68,70.5,78.3,77,74.1,87.6,77.3,85,80.4,77.5,84.6,77.1,84.2,83.1,83.2
sheohar,BR,10,3,205,61.2,62.2,71.6,79.8,73.3,78.3,77.7,79.9,91.2,91,94.1,100.2,88.9,93.5,92.9,94.1,90.2,90.4,95.9,90.4,92.6,89.4,96
sitamarhi,BR,10,4,206,58.2,58.8,67.1,73.8,69.1,72.6,72.7,74.6,85.9,84.7,88,94,82.8,87,86.7,88.9,85.5,86.1,89,83.6,87.1,84.1,91
siwan,BR,10,16,218,70.5,71,82.5,95.5,86.1,91,92.9,90.1,97.6,99.7,110.2,104.1,99,111,102,106.2,96.5,96.2,113.8,97.4,102.9,101.6,105.3
supaul,BR,10,6,208,51.8,49.5,55.1,61.7,57,60.1,58.4,63.4,75.5,72,71.9,82,68.4,75.2,80.3,75.7,74.1,75,69.4,68.2,77.2,69.7,77.3
vaishali,BR,10,18,220,66.1,66.5,74.4,85.1,79.1,83.2,86.9,83,91.9,92.6,100,101.2,95.3,111.1,98.6,106.2,99.9,95.9,109.7,95.9,104.9,98.9,99.1
east,SK,11,4,244,25,24.9,30.6,34,32.3,32.7,32.6,33.6,35,33.8,33.6,39.7,33.3,36.3,38.6,34.7,38.2,36.9,33.8,34.9,37.4,33.8,37.1
north,SK,11,1,241,19.3,20,28.4,33.7,30.5,29.5,28.3,28.8,27.2,24.6,26.1,29,26.3,27.5,30.6,25.9,30,31.4,28.8,25.3,29,24.3,26.6
south,SK,11,3,243,25.3,25.5,32,36.4,34.3,34.5,34.5,35.1,37.3,35.8,36.1,42.5,36.1,38.9,41.2,37,40.2,39.7,35.7,37.3,40,36.3,39.4
west,SK,11,2,242,24.5,24.9,31.5,36.3,33.6,33,32.6,32.3,33,31,31,36.3,30.8,33.8,36.1,32.4,35.4,35.6,31.3,32,34.9,30.9,33.8
anjaw,AR,12,16,260,7.5,10.2,8.3,12.4,11.7,11.7,11.7,13.2,13.7,13,12.4,14.3,10.8,12.4,14,11.9,13.1,11.2,11.2,11.7,11.3,11.9,10.4
changlang,AR,12,9,253,10.8,13,12,14.9,14.2,14.7,15,16.2,17.6,16.7,16,19,15.8,17,17.6,15.9,16.7,15.6,15.2,15.5,16.4,15.7,14.3
dibang_valley,AR,12,13,257,5.7,7.4,6.2,8.8,8.3,8,7.9,9.4,9.4,8.9,8.7,10.7,7.9,8.7,10.7,8.8,9.3,7.6,8.2,8.1,7.6,8.2,7.2
east_kameng,AR,12,3,247,8.8,10.1,13.1,16.3,14.9,15.7,15.6,16.1,16.4,15.4,15.8,19.8,16.3,16.6,20.7,16.2,18,15.8,16.3,16.1,17.6,16.9,15.8
east_siang,AR,12,7,251,8.8,11.1,10.1,11.8,10.8,11.3,11.6,12.4,13.5,12.9,13.4,15.5,12.8,13.5,15.2,13.3,13.6,11.4,12.2,12.5,12.9,13.3,11.9
kurung_kumey,AR,12,12,256,7.6,9.3,10.8,14.7,13.1,13.4,13,14.2,13.5,12.9,13,17.1,13.3,13.2,17.1,13.5,14.6,12.4,13.5,12.6,13.2,13.2,12
lohit,AR,12,15,259,9,11.5,9.9,12.9,12,12.3,12.6,13.6,15,14.1,14.1,16.1,13,14.4,15,13.5,14.4,12.4,12.8,13.3,13.6,13.8,12.1
lower_dibang_valley,AR,12,14,258,7.5,9.6,8.3,10.7,10.1,10.1,10,11.3,12,11.2,11.4,13.3,10.3,11.6,12.9,11.2,11.8,9.8,10.6,10.7,10.6,11.3,9.8
lower_subansiri,AR,12,11,255,9.7,12.5,12.7,14.2,12.7,13.6,13.8,14.5,15.4,14.5,15.2,18.5,15.1,15.7,18.6,15.2,15.9,13.3,14,14.5,15.8,15.1,14
papum_pare,AR,12,4,248,10.6,12.5,14.2,15.5,14.1,15.1,15.6,16,17.4,16.3,16.9,20.4,17.5,18.7,21.5,17.7,18.5,16.2,16.4,17.1,19.1,17.8,16.5
tawang,AR,12,1,245,10.6,12,15.7,21.2,18.4,20.1,16.9,18.3,15.7,13.7,13.7,16.7,12.3,13.5,17.4,14.3,16.4,15.3,16,13.8,14.8,14.3,13.2
tirap,AR,12,10,254,18.5,19.2,20.6,20.4,19.9,20.9,21.1,22.5,25.1,24.4,22.6,28.2,22.9,23.7,25.4,22.5,23,22.1,21.6,21.7,23.5,22.6,22.1
upper_siang,AR,12,8,252,6.5,7.7,7.2,9.5,8.9,8.5,8.6,9.6,10.1,9.4,9.5,11.7,9.2,9.8,11.7,9.8,10.3,8.5,9.5,9.1,8.9,9.4,8.5
upper_subansiri,AR,12,5,249,7.6,9.7,9.8,12.9,11.5,11.6,11.7,12.8,12.8,12.2,12.2,15.7,12.4,12.5,15.8,12.7,13.5,11,12.1,11.8,12.2,12.5,11.3
west_kameng,AR,12,2,246,8.9,10,14.2,17.5,16.3,17.1,16.7,16.8,17.6,16.1,16.3,20.7,16.8,16.9,21.3,16.8,18.8,17.1,16.8,17.2,18.8,18.1,17.3
west_siang,AR,12,6,250,8.3,10.4,9.9,12.1,10.9,11.2,11.5,12.3,13,12.3,12.5,15.3,12.3,12.8,15.2,12.8,13.2,11,11.9,12,12.5,12.7,11.6
dimapur,NL,13,5,265,22.2,23.9,23.4,25.5,25.4,26.6,27.5,26.5,29.6,29.6,28.6,36.4,30.1,32,36,30.7,32.1,31.7,29.5,30.9,34.4,31.7,32.2
kiphire,NL,13,9,269,23.5,24.3,20.5,21.9,21.5,22.5,23.3,23,26.5,23.6,22.4,28,22.3,23,25.9,22.1,23.2,24.1,21.7,21.7,23.1,22.7,21.7
kohima,NL,13,10,270,21.4,23.3,21.7,24,23.5,24,24.5,24.5,27.8,26.1,25.4,31.6,25,26.6,31.1,25.4,26.2,26.7,24.7,25.2,27.9,26.3,26
longleng,NL,13,8,268,22.5,22.9,24.4,23.5,23,25.5,24.7,25.8,29.3,28.7,26.7,34.1,27.3,27.7,31.1,26.7,26.9,26.3,24.6,25.1,27.7,27.2,26.2
mokokchung,NL,13,2,262,22.3,23.7,25.1,24.7,24,26.6,25.9,27,30.9,30.2,27.1,36.2,29.1,29.8,33.3,28.4,28.4,27.4,26.1,26.8,29.7,28.7,27.7
mon,NL,13,1,261,22,21.9,24,23,22.6,24.4,24.1,25.1,28.6,27.9,26,32.8,26.7,27.1,29.8,26,26.5,25.5,24.5,24.9,27.2,26.5,25.7
peren,NL,13,11,271,20.9,23.8,21.9,23.6,23.7,24.5,25.3,24.9,28.4,27.7,26.8,32.8,26.7,29.1,32.8,27.5,28.4,28.7,27,28.1,31.3,28.6,29.6
phek,NL,13,6,266,22.1,23.3,20,22.1,21.7,22.6,23.9,23.6,27.2,24.4,23.2,28.4,22.8,23.9,27.3,22.9,24.3,25,22.7,23.2,24.9,23.7,23.1
tuensang,NL,13,7,267,23,22.9,21.7,22.4,22.1,23.4,23.1,23.4,26.7,24.8,23.2,29.3,23.4,24.1,27,23,23.8,24.2,21.9,21.5,23.3,23.3,22.2
wokha,NL,13,4,264,23,24.8,25,26,25.3,27.5,27,27.5,31.2,30.5,27.7,37,29.9,30.8,35.2,29.5,30.1,29.5,27.7,28.5,31.8,30.3,29.6
zunheboto,NL,13,3,263,23.3,24.8,22.4,24.1,23.5,24.4,24.3,24.5,28.5,26.5,24.7,31.4,24.6,25.5,29.3,24,24.9,25.6,23.2,23.3,25.5,25.2,24.1
bishnupur,MN,14,4,275,20.8,21.8,23.5,27.5,29.8,29.5,31.1,33.2,34.3,33.1,32.4,36.2,33.6,37.2,40,34.5,34.1,36.2,33.3,31.6,39.4,33.3,35.4
chandel,MN,14,9,280,20.1,21.5,20,23.7,24.6,24.4,28.6,28.8,29.5,29.2,28.1,32.4,31.2,31.8,34.4,29.5,31,31.3,28.4,28.7,33.6,30.7,29.3
churachandpur,MN,14,3,274,20.7,19.8,21.1,24.2,25.2,26.6,28.8,28.8,30.7,30,29.3,33,30.6,32.7,34.9,29.8,30.5,32,30.2,29.5,35.3,31.1,31.2
imphal_east,MN,14,7,278,21.4,23.7,22.6,25.8,27.6,27.7,29.1,30.7,32.8,31,30,34.2,30.4,34,36.9,31.8,32.4,33.6,31.5,30.3,36.5,31.5,32.9
imphal_west,MN,14,6,277,21.5,20.8,22.7,25.1,25.6,27.6,28.7,27.5,31.8,31.2,30,35.1,30.9,34.1,34.8,32.1,32.7,32.9,31.3,31,37.4,32.6,35
senapati,MN,14,1,272,20.2,22.1,19.8,22.5,23,23.7,25,25.4,27.9,26.3,25.2,29.3,24.7,27.5,30.4,25.9,26.7,27.7,26.2,25.8,29.5,26.3,26.5
tamenglong,MN,14,2,273,19.9,21,20.7,23,23.7,24.9,25.7,25.7,29.1,28,26.8,31.4,26.3,30.3,32.2,28,28.5,29.3,28,27.9,32.7,29,29.6
thoubal,MN,14,5,276,20.3,21.5,22.5,26.6,28.6,28,30.2,31.9,32.8,32,31,34.8,32.3,35.5,38.5,32.9,33.2,34.9,32,30.7,37.8,32.4,33.7
ukhrul,MN,14,8,279,19.1,20.5,18.2,21.6,22.2,22.6,25,25.2,27.4,25.9,24.4,28.4,24.8,26.8,29.3,25.2,26.9,27.2,25.5,25.5,28.5,26.2,24.9
aizawl,MZ,15,3,283,24.3,23.1,24.7,27.8,28.2,30.8,32.9,31.3,36.7,34.7,33.3,37,34,36.5,37.7,32.4,34.7,35.3,35.2,32.4,37.8,34.2,34.9
champhai,MZ,15,4,284,24.8,25.2,22.8,26,25.8,27.3,30.6,29.7,33.6,30.4,29.7,32.7,30.8,32.2,35.4,28.5,30.8,32,31.2,29.4,33.7,30.9,31.2
kolasib,MZ,15,2,282,25.8,23.3,27.5,29.1,29.6,32.3,33.7,31.9,38.3,37.1,35.3,39.8,37.6,39,39.6,35.4,37.4,37,36.9,33.9,42.2,37.4,38.1
lawangtlai,MZ,15,7,287,33.3,36.8,37.1,41.9,40.4,42.4,42.5,40.8,47.5,45,43.7,50.1,41.9,46,46.2,41.3,48.6,44.7,46.8,38.5,46.9,41.3,48.3
lunglei,MZ,15,6,286,30.7,31.1,32.5,35.4,34.7,36.9,38.7,37.2,43.8,41.2,39.4,44,36.9,41.8,42.8,36.5,42.4,40,41.4,35.6,43.5,37.7,44
mamit,MZ,15,1,281,30.1,28.4,31.4,33.5,33.5,36.9,37.9,36.2,43.3,42,40.1,44.6,40.7,45,44.3,39.5,44.2,42.2,44.2,38.3,47.7,42.3,43.4
saiha,MZ,15,8,288,29.5,31.6,32.2,37.2,35.2,35.8,37.5,36,41.2,39.7,37.2,43.8,36.4,39.8,42,36.3,41,39.8,40.9,33.9,40.2,36.7,39.3
serchhip,MZ,15,5,285,26.5,26.3,26.4,30.3,29.7,31.4,34.2,32.6,38.8,35.2,33.6,36.9,32.6,36.4,38.5,31.5,35.1,35.5,36,32,37.9,33.3,36.1
dhalai,TR,16,3,291,39.8,38.4,42.8,43.6,43.1,47.2,46.1,46.5,53.1,48.6,50,55.4,50.7,56.6,56.3,50.2,57,53.4,59.2,48.7,65.3,54.9,58.6
north,TR,16,4,292,35.6,33.7,38.5,38.1,38.5,42.1,41.7,41.1,47.4,44.5,44.5,49.7,47.5,51,50.8,45.2,49.7,47.5,51.4,43.3,57.1,49,51
south,TR,16,2,290,49.9,51.2,52.3,54.3,53,57.2,56.9,58.5,64,60.2,63.4,68.7,62.3,68,67.8,60.7,71.4,66.6,72.2,61.2,81.8,68.5,75
west,TR,16,1,289,48.4,49.2,52.5,55.1,53.5,57,57.9,59.5,63.3,60.1,63.5,69.9,65.7,70,70.5,61.9,70.8,67.6,72.5,62.4,83,68.3,73.2
east_garo_hills,ML,17,2,294,22.5,23.5,28.7,29.6,29.5,30.5,29.2,32.9,35.9,34.1,34.3,38,31.8,33.6,39.6,33.9,33.8,31.8,33.4,35.1,42.1,37.7,36.5
east_khasi_hills,ML,17,6,298,18.9,18.9,24.5,26.7,26.2,28.7,28.8,29.2,33.4,29.1,31.3,37.2,28.5,33.2,36.7,29.5,31.8,32.8,32.2,30.7,36,33.4,33.1
jaintia_hills,ML,17,7,299,17,18.4,23.7,25.5,25.7,27.3,27.4,27.2,31.3,28.2,29.6,34.9,26.4,31.3,35.1,28.3,29.9,30.8,29.5,29.2,34.3,31.9,32.8
ri_bhoi,ML,17,5,297,19.4,21.7,26.3,28.3,28.3,29.9,29.5,31.9,35.2,31.9,32.3,39.7,32.1,34.3,38.9,32.1,32.4,31.3,30.5,32.9,37.1,35.7,34.7
south_garo_hills,ML,17,3,295,29.9,28.5,35.8,36.9,35.8,38.2,38.7,39.9,44.3,40.4,42.8,47.4,39.1,43.8,47.4,41.3,42.8,40.9,44,42,51.4,46,47.2
west_garo_hills,ML,17,1,293,29.1,27.6,34.9,36.1,35,37.1,35.9,39.4,43.6,40.1,41.6,45,38.8,42.9,49,42.1,42.7,39.7,39.9,42.1,51.1,43.7,46.4
west_khasi_hills,ML,17,4,296,20.5,20.7,26.6,28,27.3,29.2,29.1,30.6,34.4,30.9,32.3,38,29.2,33.7,36.7,30,31.1,31.4,32.1,31.6,36.7,34.2,33
baksa,AS,18,25,324,15.3,17.1,19.5,23.5,22,24.1,26.1,25,28.7,27.1,28.5,33.8,29.6,30.4,34.7,30.9,32.5,28.7,27.9,32.1,34.9,31.6,31.1
barpeta,AS,18,4,303,20.8,23.1,25.2,29.1,27.5,29.1,29.6,32.6,34.1,32.3,33.1,38.3,34.2,34.4,41.9,36.3,36.5,32.2,32.8,36.4,39.4,36.1,36.7
bongaigaon,AS,18,20,319,19.9,21.4,24.5,27.2,26.1,28.2,27.5,31.9,32.9,31,31.5,36.6,33.2,31.8,40.1,34.4,34.8,30.6,30.1,33.8,38.3,33.8,35.4
cachar,AS,18,17,316,22.9,23,25.8,26.9,27.7,29.9,30.4,29.9,34.2,32.8,32.6,37.3,32.8,36.3,37.9,33.3,34.9,34.7,33.5,32.1,39.2,34.4,37.4
chirang,AS,18,21,320,22.1,23.2,26.6,30,28.7,30.6,31.1,32,35.1,32.4,34.1,40,35,34.2,41.3,35.5,38.4,34.5,33.7,37.7,40.6,36.8,36.7
darrang,AS,18,26,325,16.6,19.5,21,25.3,23.6,26.2,28,28.1,30.7,30.2,29.1,35.1,32.8,34.9,38.1,33.7,34.8,30.6,31.1,34.1,38.4,34.2,35.7
dhemaji,AS,18,9,308,14.7,16.8,17,17.4,15.2,16.9,17.7,18.1,20.1,19.4,19.4,22.7,19.7,20.4,22.2,19.6,20.1,17.5,18.8,19,20.5,19.6,19
dhubri,AS,18,2,301,27.3,26,31.7,33.6,32.5,36,33.5,39.4,42.2,39.6,40.2,43.8,41.5,40.8,50.6,43.6,43,39.2,38.4,41.9,48,42.7,45.8
dibrugarh,AS,18,11,310,18.8,20.2,21.5,20.9,19.1,20.5,21.6,22.3,24.4,23.7,22.9,26.9,23.4,23.9,25.3,22.6,23.1,21.2,22.4,22.4,24.5,23.4,23.1
dima_hasao,AS,18,16,315,18.9,20.8,22.7,24.4,24.8,26.4,26.4,26.3,30.4,29.1,29,34.5,27.8,31.1,34.5,29.6,30.3,30.7,28.4,29.9,34.5,31.5,33.4
goalpara,AS,18,3,302,23.6,24.9,29.5,30.8,30.8,31.7,30,35.7,37.5,36,35.3,39.7,36.8,34.8,43.7,38.3,37.5,34.5,34.5,37.5,44,39.6,40.1
golaghat,AS,18,14,313,19.4,20.7,22.4,23.3,22.3,24.7,25.7,25.5,27.9,27.9,25.7,33.3,28.6,30.2,32.9,29.2,29.3,27.7,27.9,28.6,32.3,29.9,28.8
hailakandi,AS,18,19,318,28.2,26.6,31.2,31.5,31.9,34.5,34.7,34.1,40.1,38.2,37.4,42.1,40,42,42.4,37.3,39.7,38.7,39.3,34.8,45.3,38.9,41.7
jorhat,AS,18,13,312,21.3,23.5,24.7,25.1,23.8,25.9,27,26.9,30.3,29.5,27.2,33.9,29.6,30.1,32.3,29.5,29.5,27.4,28,28.2,31.6,29.1,28.6
kamrup,AS,18,22,321,23,25.6,28.6,31.5,31,32.1,33,35,37.6,35.7,36,42.5,37.6,38.5,43.8,38.2,38.4,35,35.5,39.1,43.6,40.3,40.8
kamrup_metropolitan,AS,18,23,322,22.4,25.3,28.4,31.2,31.2,32.7,33.4,35.5,38,36.1,36.1,44.1,38.4,38.9,43.8,37.6,38.1,35,34.7,38.2,41.8,40.1,40.6
karbi_anglong,AS,18,15,314,18.4,20.1,22.8,24.5,23.6,26.1,26.2,26.7,29.1,28.5,27.1,34.7,29,31.1,35,30.1,30.6,29.4,28.2,30.2,34.3,31.7,31.6
karimganj,AS,18,18,317,30.1,29,34.5,33.6,34.5,37.3,36.8,37.6,42.7,39.8,40.5,45.3,42.6,45.4,45.9,39.6,42.8,41.2,43.4,37.7,49,42.1,45
kokrajhar,AS,18,1,300,26.6,26.7,31.1,33.6,33.1,35.8,35.2,37.5,40.8,38.7,38.9,45.4,40.9,39.4,47.1,40.8,42.8,39.3,38.6,42.1,45.5,42.1,41.9
lakhimpur,AS,18,8,307,16.6,17.9,19.4,19.9,18,19.4,21.2,20.9,23.1,22.3,22,26.1,23.7,24.7,26.4,23.9,24.3,21.8,22.8,23.2,25.8,23.5,23
marigaon,AS,18,5,304,19.3,22.5,23.9,28,26.6,29.6,30.8,31.3,33.2,33,31.4,38.4,35,36.5,41.4,35.5,36.6,33.2,33.1,36.2,39.3,36.2,38.7
nagaon,AS,18,6,305,17.5,19.2,21.8,24.4,22.9,25.7,25.9,27.1,28.6,28.7,27.7,33.8,30.5,31.9,35.6,30.9,31.9,29.8,29.6,32.3,35.8,32.6,33.5
nalbari,AS,18,24,323,19.9,23.1,24.8,29.1,27.5,29.5,31.4,32.2,34.1,32.4,32.7,39,34.5,36.1,42.1,36.8,37.3,32.4,32.9,37.3,40.9,37.3,37.7
sivasagar,AS,18,12,311,22.2,22.6,25.1,24.5,23.2,24.9,25.8,26.3,29.7,28.5,27,32.5,28.2,28.5,30,27.1,27.9,26,26.4,26.6,29.3,27.6,27.7
sonitpur,AS,18,7,306,12.1,12.5,15.8,17.6,16.5,18.4,20,20.3,22.6,21.9,22.6,26.4,24.8,25.7,28.1,24.4,26.1,23.7,24.6,25.6,28.8,26.3,26.1
tinsukia,AS,18,10,309,13.6,15.6,15.1,16.2,14.9,16.1,16.9,18.2,20.2,20,19.5,22.2,19.2,19.9,20.7,18.6,19.2,17.1,18.3,18.2,19.4,19.2,18.1
udalguri,AS,18,27,326,12.8,14.1,16.8,20.1,18.8,20.8,23.1,22.1,25.8,25,24.8,30.3,27.4,28.7,31.7,27.8,29.7,26.7,25.9,28.2,31.9,29.2,29.2
bankura,WB,19,13,339,37.1,39.1,44.2,45.9,48.7,47.8,52.6,51.8,56.9,60,65.1,65.7,57.5,68.2,64.2,66.4,69.6,67.6,69.7,68.6,69.9,67.6,76.8
barddhaman,WB,19,9,335,38.3,40,46.7,46.9,50.8,49.4,52.3,52.8,57.2,59.4,65.4,66.1,56.2,69.4,64.5,66.3,68,67.5,69.7,66.5,72.8,66,75.6
birbhum,WB,19,8,334,36.6,39.4,44.3,45,46.3,43.7,47.8,47.2,53.8,52.6,58.9,59.7,49.1,63.4,57.6,59.2,58.5,62.2,61,60.5,64.2,59.6,65.8
dakshin_dinajpur,WB,19,5,331,47.3,45,48,52.4,49.4,53.8,49.6,55.5,61,54.7,61.5,66.5,58.1,65.5,74,64.7,62.8,61.6,57.9,61,69.4,57.9,73.1
darjiling,WB,19,1,327,29.9,28.9,33.9,37.9,36,38.7,40,41,46.6,44.9,45.1,52.2,43.3,47.2,48.4,44.7,47,45.6,43.1,45.2,48.8,45,48.6
haora,WB,19,15,341,31.8,35.9,40.9,40.8,43.2,43,45.5,49.2,53.1,51.7,58.8,60.8,51.7,59,57.5,58.2,66.3,57.9,65.7,57.6,62.6,56.8,64.9
hugli,WB,19,12,338,36.2,38.9,46.2,46.1,49.7,49.7,51,53,56.5,57.6,64.3,66.9,57.8,67.4,64,65,71.9,66.5,71.4,65,72.8,65.2,76
jalpaiguri,WB,19,2,328,34.4,33.5,37.6,41.7,40.4,43.1,44.2,44.9,52,49.4,49.8,56.5,48.9,51,55.2,50.2,52.8,50.3,49.3,51.6,55.9,51,55
koch_bihar,WB,19,3,329,30.9,28.7,32.2,35.7,32.6,37.1,35.6,38,46.1,42.4,42.3,46.9,41.8,43.4,49.7,44,43.7,41,40.3,42.3,47.8,41.5,47.6
kolkata,WB,19,16,342,31.2,35.1,39.5,40.2,42.2,41.5,44,48.2,53.2,52.5,56.5,60.6,50.8,58.5,57.6,56.6,65.2,56.7,68.2,56.9,63.6,54.9,61.6
maldah,WB,19,6,332,46.5,46.2,47.3,53.1,50.1,52.8,50.4,54.1,62.2,55.5,63.9,68.1,57.7,69,75.8,66.9,66.6,67.8,62.3,66.8,72.9,64,75.2
murshidabad,WB,19,7,333,39,41.3,46.4,47.3,48.5,47.5,47.9,49.3,55,53.2,60.4,60,52.3,67,62.5,61.5,61.8,62.9,62.7,62.5,68.8,60.7,66.4
nadia,WB,19,10,336,38.9,40.5,47.7,47.9,50.7,50.3,50,52.2,55.9,57.3,62.9,63,55.6,69.8,64.4,65.3,64.2,62.5,67.5,62,72.5,61.6,69.6
north_24_parganas,WB,19,11,337,35.1,39,43.1,44.9,46.3,46.3,48.4,48.4,54.2,55.4,57.8,62,58.1,61.5,63.6,62.1,65.2,58.9,67.4,58.1,69.4,59.4,64.6
pashchim_medinipur,WB,19,18,344,31.4,34.6,39,40.1,41.8,41.8,44.2,45.9,49.5,50,56.1,56.3,50.7,58.3,56.5,56.4,63,57.8,60.6,57.6,59.5,57.8,64.7
purba_medinipur,WB,19,19,345,29.5,31.9,36.8,36.1,38.5,38.9,41,43.6,46.3,46.2,51.4,53.4,49,52.4,53.8,53,59,51.3,56.9,51.5,55.9,52.1,58.2
puruliya,WB,19,14,340,40.3,41.9,44,48,50.3,49.8,54.6,51.5,57.2,60.3,66.7,64.9,58.9,70,66.2,71.2,68.8,68.8,71.4,68.4,65.9,69,74.6
south_24_parganas,WB,19,17,343,31.4,35.1,38.7,38.8,40.5,40.4,43.2,45,49.8,50,52.8,57,52.7,54.3,57.2,55.4,60.3,53.2,61.2,53.8,62.4,54.1,59.4
uttar_dinajpur,WB,19,4,330,44.6,41.2,43.9,47.5,44.2,49.4,45,51.2,58.4,55.1,57,64.5,53.3,59.5,67.8,60.2,59.3,58.7,54,56.9,64.2,56.7,67.3
bokaro,JH,20,10,355,43.5,43.8,46.5,50.8,53,54.3,55.7,52.1,56.3,59.8,67,62.9,58.7,71.7,67.9,73,67.8,68,72.3,64.9,63.4,69.8,73.4
chatra,JH,20,2,347,31.6,33.2,35.5,41.4,42.1,45.7,45.4,40.5,43.2,47.5,54.9,48.1,46.7,59.4,53.7,55.8,52.4,50.8,57.9,49.3,49.8,57.8,57.4
deoghar,JH,20,5,350,36.1,37.6,41.1,46.5,45.9,42.8,47.3,42.9,50.9,49.1,55.9,56.1,46.7,62.6,52.5,60.4,51.5,58.1,56.2,54,56.1,57.2,59.5
dhanbad,JH,20,9,354,40.7,41.4,45,50,52.9,51.5,55.9,51.9,58,59.9,67.5,65.8,58.6,72.8,65.7,71.2,66.8,67.7,70.8,66.6,65.9,68.5,73
dumka,JH,20,17,362,33.1,35.3,39.8,44.2,43.3,40.4,45.6,42.8,51.5,48,54,57.4,46.1,60.5,52.1,56.8,50.6,58,54.2,54.2,56.5,54.7,59
garhwa,JH,20,1,346,28.2,30.7,31.8,36.6,36.2,38.4,40.1,35.3,37.8,41.6,47.3,42.8,41.8,49.2,45.7,48,45.4,43.9,47.1,42.9,42.5,48.2,47
giridih,JH,20,4,349,37.6,37.1,40.9,46.8,47.4,47.6,49.9,44.8,49.5,52.2,58.2,54.4,49.7,65.3,56.3,63.1,55.9,58.2,63.2,56.2,57.2,61.8,63.1
godda,JH,20,6,351,38.1,39.7,42.8,49.2,46.4,46.2,49.3,46.1,57,52.1,57.8,62.9,51.7,65.9,61,64.5,58.6,63.1,59.5,59.3,64.4,60.5,64.8
gumla,JH,20,21,366,25.1,26.2,28.2,36.6,37.9,41.5,40.6,39,38.8,44.2,48.2,44.6,41.8,52.4,48.5,51.5,47.3,46.4,48.2,44.4,42.7,49.7,51
hazaribagh,JH,20,15,360,33.2,33.3,37.2,44.1,45.6,49.2,48.9,44.4,47.5,51.1,58.4,52.2,50,64.3,58.2,62.2,56.9,56.8,62.7,54.2,54,61.8,62.2
jamtara,JH,20,18,363,36.7,38,42.3,46.7,48.2,44.8,50.3,47.3,54.1,53.6,61.4,61.4,50.7,65.8,57.4,63.6,58.3,62.7,61.6,60.5,60.7,60.7,66.5
khunti,JH,20,20,365,31.8,32.1,34.7,42.1,45.4,48.8,48.5,46.3,48.6,52.2,58.8,53.7,51.6,63.8,59.6,62.3,57.1,56.2,60,56.3,52.1,60.8,63.2
kodarma,JH,20,3,348,36.9,36.4,40.7,47.3,47.8,50.7,51.8,45.6,49.9,53,60.6,54.5,52.5,66.7,58.4,63.1,58.6,58,65.6,56.9,58.6,64.1,64.5
latehar,JH,20,14,359,25.4,27.6,29.7,36.2,37.2,40.1,40,36.4,38.2,42,47.6,42.7,40.7,51.1,47.3,48.7,46.1,45,48,43.1,42.2,49.6,48.6
lohardaga,JH,20,11,356,24.8,26,29.1,37.6,38.9,43.1,41.8,39,39.7,44.1,50,44.6,42.7,54.1,49.7,52.1,47.8,47.1,49.4,44.3,43.3,51.7,50.9
pakur,JH,20,8,353,34.6,37.3,41.1,45.6,44.5,43.3,46.4,44.7,53.9,49.4,56.7,60.1,49.4,64,58.7,59.8,55.5,61.4,57.6,59.1,63.3,58.1,63.2
palamu,JH,20,13,358,32.6,35.3,36,40.4,39.6,42,42.8,37.8,40.8,44.6,51.8,45.4,44.7,53.9,50,51.3,48.9,46.6,52.1,45.9,45.8,52.4,52.3
pashchimi_singhbhum,JH,20,23,368,32.8,35.6,35.7,42.6,44.9,47.1,48.9,47.4,50.2,53.3,60.1,55.5,52.6,62.9,59.5,62.5,58.6,59.2,62.4,60,55.8,61,63.2
purbi_singhbhum,JH,20,12,357,34.1,36.4,39.2,44.5,46,46.2,49.7,47.8,52.7,55.3,61.4,58.7,55.7,65.8,61.4,63.8,64.5,64.7,65.8,64.3,62.6,64.2,67.6
ramgarh,JH,20,16,361,39.1,39.5,42.6,48.1,50.2,53.4,53.1,49.7,53,56.1,64.6,57.9,56,69.1,65.9,69.8,63.7,63.5,67.6,60.2,58.4,67.2,69
ranchi,JH,20,19,364,31.9,32.7,35.8,42.8,45.2,49,48.7,45.5,48.3,51.6,59.5,53.4,52.1,64.4,60.3,63.3,57.6,57.5,60.5,55.4,52.8,61.7,63.2
sahibganj,JH,20,7,352,40.8,41.5,44.1,50,46.6,48.1,49.3,48.4,58.9,53.5,59.9,65.1,54.1,67.6,67.7,64.8,62,66.2,61.4,63.5,68.9,62.6,70.3
saraikela_kharsawan,JH,20,24,369,35.1,37.2,39.7,44.3,46.6,48.1,51.3,48.1,52.4,55.4,63.2,58.8,56.3,67.2,62.4,66.4,62.8,63.5,66,63.7,59.9,65,67.3
simdega,JH,20,22,367,30.1,31.9,31.5,38.8,39.9,42.9,43.4,42.5,42.4,47.6,51.4,49.2,44.9,55.1,51.5,55.9,52.6,51.7,53.4,50.7,48.7,53.4,55.9
anugul,OR,21,15,384,22.9,23.1,26,32.2,31.2,33.6,34.7,34.6,36.7,38.6,44,42.2,40.8,44.9,44.5,45.6,47.6,47,46,45.8,45.2,47,49.5
balangir,OR,21,24,393,33,33.6,32,39.3,39.8,40.7,41.1,41.4,41.6,45.9,48.9,46.5,44.2,49.4,46.1,50.3,49.9,52.8,49.6,49.2,51.7,49.6,55.2
baleshwar,OR,21,8,377,24.8,26,29.8,31.9,33,33.5,34.4,34.9,39.3,38.8,43.4,43.8,40.6,45.2,44.4,44.2,47.5,45.3,46.6,44.1,46.9,45,44.8
bargarh,OR,21,1,370,38.4,38.4,36,41.8,42.8,43.2,46.3,44.5,46,50.3,54.8,52.9,48.7,56.2,52,56.9,58.5,58,56.4,56.2,57.6,57.3,63.3
bauda,OR,21,22,391,23.5,23.6,26.1,31.3,31.2,32.6,32.7,33.3,33.7,36.2,40.3,38.3,37.4,41.1,39.9,41.6,43,44,40.9,40.9,42.7,43.1,44.2
bhadrak,OR,21,9,378,24.1,25.5,28.7,31.5,32.4,32.2,33.7,34.4,38.9,38.1,43.8,43.2,39.9,44.1,41.8,43.3,45.7,44.6,45.6,43.8,45.8,44.8,43.8
cuttack,OR,21,12,381,22.2,22.7,24.2,28.9,28.5,29.7,31.5,32.1,35,34.2,40.8,39.1,36.1,40.4,40.5,40.5,44,41.9,40.5,41.4,42.2,43.4,44.7
debagarh,OR,21,4,373,23.9,25.7,27.9,33.7,33.9,36.1,38.3,37.5,39.5,42.4,47.5,45.6,43.6,48.4,46.8,49.9,51.9,49.9,50.5,49,47.4,50.1,52.9
dhenkanal,OR,21,14,383,23.6,23.6,25.9,32.3,31.4,33.1,34.6,34.7,38.8,38.4,45.3,43.5,41.1,46.1,45.3,47,48.2,47.5,45.8,46.2,46.6,47.8,51.1
gajapati,OR,21,20,389,14.8,15.7,17.2,21.6,21.1,22,22.4,24,24.9,26,29,28,24.2,29.2,27.8,26.4,30.4,29.5,27.8,28.9,28.8,29.7,28.8
ganjam,OR,21,19,388,17.1,17.7,19.7,24.3,23.5,24.9,25.2,26.8,27.4,28.4,32.3,31.4,27.8,33.1,32,30.8,35.1,34.2,32,34.1,33.8,34.9,33.6
jagatsinghapur,OR,21,11,380,22.6,25.4,25.4,27.7,28.4,28.6,31.5,32,34.4,33.8,39,38.5,34.7,38,36.4,37.2,42.3,38.4,39.8,40.2,40.1,41.1,41.7
jajapur,OR,21,13,382,22.9,24,26.7,31.4,31.5,32.1,34.1,33.9,38.9,37.3,44.2,42.2,39.7,44.4,42.9,45.5,46.5,46.2,45,45.2,46.8,46.6,47.1
jharsuguda,OR,21,2,371,34.3,35.3,34.8,39.9,41.5,42.2,45.5,43.8,44.5,49.7,53.6,53.4,48,56.2,52.8,58.1,60,57.2,57.7,55.9,55.9,57.1,62.1
kalahandi,OR,21,26,395,23.6,24,25.3,32,31.9,32.6,31.5,33.2,33.2,35.9,37.7,35.7,34.4,38.7,36,38.1,38.9,42.3,37.7,37.7,39.9,38,42.3
kandhamal,OR,21,21,390,18.2,18.2,20.4,26.8,26.3,27.7,27.1,28.6,28.8,30.5,33.1,31.2,29.5,33.9,32.3,32.8,34.6,36.1,32.3,32.6,34.2,34.7,34.6
kendrapara,OR,21,10,379,22.7,24.3,25.9,28.6,29.4,29.5,32.1,32.6,35.8,34.6,40,40,36.8,39.5,38.3,38.9,42.4,40.3,41,40.6,41.7,41.8,41.5
kendujhar,OR,21,6,375,23.5,25.6,27.5,33.9,34.1,36.5,38.6,38.2,41.4,43,48.5,44,42.5,48.7,47.1,50.2,49.6,50.2,51.4,49.4,47.8,49.9,51
khordha,OR,21,17,386,20.7,22.3,22.4,27.2,26.8,27.8,30,31,32.9,32.7,38.3,36.5,32.6,37.7,37.7,36.7,41.3,39.2,38,39.9,39.2,40.3,40.1
koraput,OR,21,29,398,18.7,18.7,20.8,26.7,25.8,27,27.1,28.4,28.3,30.1,32.1,30.5,29,33.3,30.3,31.6,32.6,34.2,32,31.3,33.6,32,32.8
malkangiri,OR,21,30,399,17.7,19.7,21.2,25.1,24.9,25.9,26.6,27.7,27.9,29.7,31.6,30.9,29.4,32.9,30.7,31.6,33.5,33.1,31.6,31.2,33.9,31.3,31.6
mayurbhanj,OR,21,7,376,25.4,27.5,29.6,34.7,36,37.4,38.9,38.3,42.1,43.3,49.4,46.7,43.5,51.2,49.1,50.4,51.6,51.5,53.6,50.4,50.5,51.1,51.2
nabarangapur,OR,21,28,397,28.1,27.9,28.6,35.6,35.4,37.1,37.3,37.3,37.9,40.3,41.9,39.3,38.7,42.6,38.9,41.7,40.8,45.3,40.8,39.9,42.1,39.3,44.2
nayagarh,OR,21,16,385,20.1,20.5,22.2,28.2,27,28.8,30,30.9,32.3,32.6,37.8,35.8,33.1,38.2,38.3,37,40.2,40,37.4,38.9,38.9,40.1,39.5
nuapada,OR,21,25,394,32.7,33.7,31.9,39.4,40.2,41,42.3,41.4,42.1,44.9,46.9,45.3,43.8,48.1,43.6,48.1,46.9,50.9,46.6,46,48,45.9,51.6
puri,OR,21,18,387,19.5,22.2,21.5,24.4,24.8,25.1,27.8,28.6,30.3,30.3,35.2,34.1,29.6,34,32.8,32.2,37.8,34.3,35,36.5,35,36,36.1
rayagada,OR,21,27,396,18.3,18.2,20.3,26.6,25.6,26.4,26.2,27.7,28.4,30.5,32.6,30.7,28.2,32.6,30.7,30.5,33.2,35.2,31.2,31.5,32.6,32.7,33.1
sambalpur,OR,21,3,372,28.8,29.6,30.7,36.2,36.8,38.3,40.6,39.7,40.2,44.6,49,47.8,44.3,50.1,48,51.9,54.9,52.7,52.5,51,50.5,52.6,56.4
subarnapur,OR,21,23,392,31.7,31.9,32.2,37.6,38.2,38.5,39.2,39.6,39.7,43.8,48.2,46.2,44,48.7,47.3,50.9,52.5,52.4,50.8,50.7,52.9,52.4,56.5
sundargarh,OR,21,5,374,29.3,31.6,31.9,37.3,38.8,40.6,42.7,41.7,42.2,47,50.8,49.4,45.4,53.7,49.8,54.6,54.2,52.9,54.4,51.9,50.8,53.3,56
bastar,CG,22,15,414,27.1,27.2,28,33.8,33.7,36,37,37.1,37.2,39.1,40.4,38.3,37.7,41.2,37.5,40.2,39.1,43.3,39.8,39.2,40.8,38,42.6
bijapur,CG,22,18,417,18.9,22.5,23.8,27.3,26.8,28.8,29.6,30,30.2,33,33.1,33.1,31,34.7,32.4,33.3,34.3,34.3,33.8,33.5,35.2,33,35.7
bilaspur,CG,22,7,406,36.3,38.2,37.8,43,44.9,44.9,48.7,45.5,46.5,51.5,54.5,54.8,49.2,55.7,51.9,56.4,56.4,56.1,55.5,56.9,57,58.9,59.5
dakshin_bastar_dantewada,CG,22,17,416,18.5,21.6,22.1,26.1,25.6,27.3,28.1,29.1,29.6,31.6,32.4,32,30.3,33.8,31.3,32.6,33.7,34,32.4,32.4,34.5,31.8,33.9
dhamtari,CG,22,13,412,41.1,42,40.9,48.9,48.3,50.7,53.5,52.7,53.7,55.7,56.8,54.9,54.6,58.6,53.1,58.5,57,61,59.1,56.2,58,56.4,63.1
durg,CG,22,10,409,46.4,49.5,47.3,54.6,54.9,56.2,59.2,57.5,59.6,64.1,65.4,64.2,62.5,68.3,63.1,66.8,67.3,68.1,68.4,67.9,69.9,71.5,76.4
janjgir-champa,CG,22,6,405,43,43.5,41.2,46,47.3,45.8,52.2,49.5,50,54.6,59.4,60.6,54.7,63,57.6,63.4,64.9,61.3,63.5,62.6,62.9,63.3,68.4
jashpur,CG,22,3,402,23.9,25.3,26.2,32.8,33.9,35.4,36.2,34.1,34.9,39.2,41.5,41.1,37.6,46.9,41.4,46,43.7,43.1,42.9,40.7,40.1,43.4,44.8
kabeerdham,CG,22,8,407,32.5,34.9,35.8,41.2,43.6,44,47,43.4,46.2,50.9,51,51.4,47.3,53.5,48.2,51.1,52.3,54.8,52.1,54.7,56,58.4,57.1
korba,CG,22,5,404,32.9,33.9,33.6,38.6,39.7,39.1,42.4,40.5,41.6,46,49.1,49.8,45,52.1,48,52.7,52.3,51,50.1,51.1,50.1,51.6,51.6
koriya,CG,22,1,400,23.9,25.5,26.1,31.1,32.5,35.2,36.8,34.5,34.5,39.3,42.8,41.3,38,44.1,41.8,43.9,43.1,42.3,41.3,42.8,39.9,44.1,41.9
mahasamund,CG,22,12,411,44.1,43.9,40,46,47.5,48.2,52.5,49.3,52,55.4,59.9,57.7,54.1,61.9,55.6,60,60.8,61.2,59.5,58.6,60.7,59.7,67.2
narayanpur,CG,22,16,415,23.8,25.1,27.1,31.8,32.1,33.9,35.3,35.4,35.2,37.3,38.3,36.8,36.1,39.8,35.6,37.5,37.5,40.2,37.4,38,38.8,36.7,40
raigarh,CG,22,4,403,34.4,35,33.5,39,40.8,40.3,44.3,41.7,43.4,47.6,51.3,51.5,46.5,55.3,49.4,55,55.8,53.9,53.7,53,53.4,54.2,58
raipur,CG,22,11,410,42.9,44.3,41.5,49.2,49.5,50.4,54,51.9,53.6,57,59.9,58.5,56.2,61.8,56.5,60.3,60.4,61.8,61,59.8,62,61.1,68
rajnandgaon,CG,22,9,408,34.9,38,36.4,43.2,43.6,46.9,48.7,47.2,49.1,53.1,55.1,51.6,50.6,55.9,50.5,54.3,54.9,57.4,54.6,55.6,55.9,58.9,60.7
surguja,CG,22,2,401,23.5,25.5,26.2,32.1,33,34.9,36.5,33.5,34.7,39.3,42.1,41.2,38.2,45.3,41.8,45.1,43.6,42.4,42.7,41.3,39.1,43.9,43.3
uttar_bastar_kanker,CG,22,14,413,28.7,30.1,31,37,36.8,40.1,42.2,41.2,41.5,43.5,44.7,42.6,42.5,46.1,41,44.9,43.9,48.1,44.9,43.8,45,43.5,47.5
alirajpur,MP,23,48,465,27.5,27.2,29.1,31.3,31.2,35.8,34.5,33.8,37.9,36.7,38,37.6,38.3,38.9,39.6,40.2,39.2,39.4,37.5,43.1,41.4,43.4,42.3
anuppur,MP,23,44,461,25.5,26.8,28.5,33.3,35.1,37.1,38.9,36.1,36.9,41.9,44.4,42.6,38.8,44.7,41.6,44.4,43.4,44.2,41.6,43.1,42.5,45,43.1
ashoknagar,MP,23,42,459,33.1,34.5,36,39.9,45.1,49.5,47,44.3,44,47.5,52.4,49.4,49.5,58,55.5,55,53.7,50.5,52.3,52.2,51.6,56.7,54.2
balaghat,MP,23,40,457,31.1,32.9,33.4,38.5,39.5,41.1,43.1,39.8,42.9,46.3,47.7,45.1,44.1,49.5,44.6,47.9,47.3,51,47.5,48,49,51.2,48.9
barwani,MP,23,24,441,27.1,26.3,29.1,32,31.3,36.7,35.8,35,39,39,40.2,39.4,40.3,40.8,40.6,43.8,41.7,43.7,41.9,46.5,46.6,47.1,48.3
betul,MP,23,30,447,24.5,23.8,26.2,29.8,31.2,34.7,34.6,32.5,36.5,37.4,37.9,38.3,37.2,40.4,38.4,42.1,40.8,43.1,38.1,42.3,42.3,43.3,43.7
bhind,MP,23,3,420,66.4,65,67,72.1,80.2,84.4,83.8,82.3,76.7,83.5,92.8,88.7,92.2,95,92.6,95,92.4,90.2,92.3,94.8,94.5,101.4,98.8
bhopal,MP,23,27,444,29.6,29.3,31.7,35.3,38.9,42.8,41,40.2,41.9,44.7,46.5,45.6,43.9,51,49.2,51,49.1,47.7,47.1,49.7,49.5,52.6,51.7
burhanpur,MP,23,50,467,25,25.3,29.5,31.9,32.3,36.8,36.7,35.7,38.8,39,40.8,40.2,40.2,41.9,41.4,45.4,43.2,45.1,41.8,45.9,46.8,47.6,48.9
chhatarpur,MP,23,8,425,38.9,41.1,39.4,44.5,46.8,52,51.9,48.5,47.3,52.9,59.7,53.6,53.5,59.9,59.9,60.1,57.2,54.6,58,58.1,57.5,64.9,62.3
chhindwara,MP,23,38,455,25.3,25.1,27.1,31.4,32.6,35.6,35.8,33.2,36.8,38.8,39.8,38.8,37.8,42.2,39,43.4,41.7,44.2,40.1,42.6,43.6,43.9,43.2
damoh,MP,23,11,428,29.5,32.5,31.2,36.6,38.3,41.8,43.2,39.8,41.2,46.1,49.7,46.5,45.2,51,51.4,52.9,49.3,48.2,49.2,49.4,49.1,53.1,50.8
datia,MP,23,5,422,56.6,55.8,55.3,59.5,66.7,69.9,69.1,68.1,64.4,70.7,78.3,74.1,78.7,80.9,78.6,78.2,77.6,75.1,75.2,77.7,78.5,85,83.1
dewas,MP,23,20,437,29.8,29.2,31.9,34.3,36.5,40.3,39.6,38.8,41.5,42.5,44.5,44.1,43.1,47.4,46.2,47.9,47.2,46.9,44.5,48.9,47.8,49.9,50.6
dhar,MP,23,21,438,28.4,28.6,31.5,33.9,34.7,39.8,38.3,37.9,42.5,41.2,42.3,42.4,43,45.3,44.3,45.5,44.8,45.1,44.4,49.2,48.4,49.9,49.5
dindori,MP,23,36,453,23.4,24.3,27.1,31.9,33.7,34.7,37.2,33.9,35.5,40.8,41.7,40.2,36.7,41.6,38.6,42.1,41,43.2,39.7,40.6,41.3,43,40.2
east_nimar,MP,23,49,466,28.1,27.9,30.6,33.1,33.9,38,38,36.7,40,40.8,42.4,41.9,41.2,44,43.3,46.5,45,46.6,43,47.5,47.9,48.4,50.7
guna,MP,23,41,458,30.8,31.7,34.5,38.3,43.9,47.8,44.9,42.7,43.4,46.2,50.1,47.3,47.5,55.3,53.7,53.3,51,49.3,50.2,50.9,50.9,54.1,52.7
gwalior,MP,23,4,421,55,54.5,54,59.3,66.5,68.9,67.4,66.5,63.2,69,77.3,73.2,77.3,79.2,77.1,75.8,74.5,73.7,73.6,75.6,76.2,83,81.9
harda,MP,23,31,448,29.1,28.8,29.9,33.2,34.2,38.2,38,36.7,40.1,41.7,42.8,42.9,41.5,44.9,44.4,47,45.7,47.4,42.8,47.1,46.8,48.3,51.5
hoshangabad,MP,23,32,449,29.6,30.3,29.9,33.6,34.8,38.3,38.4,36.6,40.1,42.1,43.4,42.7,41.4,46,44.6,46.7,45.5,47.2,44.2,46.5,47.1,48.5,50.7
indore,MP,23,22,439,27.9,27.9,30.7,33,34.8,38.8,38,37.3,40.8,40.5,41.9,41.7,41.8,45.5,43.9,44.9,44.8,44.1,43.1,47.9,46.9,48.9,48.5
jabalpur,MP,23,34,451,27.8,30.4,31.6,36.7,38.4,40.6,43.4,39.6,41.6,46.8,50.2,48.4,44.8,50,49.5,51.4,48.7,49.8,49.2,49.7,49.2,51.6,48.9
jhabua,MP,23,47,464,27.2,28.2,31.3,33.4,35.1,39.4,37.7,37.4,41.6,39.9,41.1,41.4,41.8,44.3,44.2,43.7,43.4,42.2,41.2,46.5,45.1,47.6,45.8
katni,MP,23,33,450,30,33,31.8,36.6,38.5,41,43.7,38.8,40.4,46.2,50.6,47.2,45.1,50,51,52.5,49.4,47.9,49,49.5,48.1,52.4,50
mandla,MP,23,37,454,27.6,28.3,30.7,35,36.8,38.7,41.4,37.3,39.8,44.6,45.6,43.8,41,46,42.5,46.1,44.5,47.2,44.3,44.6,45.1,46.8,43.6
mandsaur,MP,23,16,433,31.3,31.7,35.9,40.1,44.9,48.4,46.4,47.1,48,48.4,52,51.2,52.1,57,58,55.2,52.6,52.7,51.6,55.2,54.7,59.4,54.4
morena,MP,23,2,419,60.8,60.9,60.6,67.1,76.6,77.9,76.9,75.7,71,78,85.3,84.1,85.9,88.7,87.5,85.6,83.1,84.1,84.4,85.6,85.9,93.2,92.2
narsimhapur,MP,23,35,452,28.3,30.1,31.2,35.7,37.4,39.7,41.3,38.5,41.2,45.1,47.1,45.7,42.7,48.2,47.7,49.8,47.8,49.3,48.8,48.6,50.2,50.6,49.6
neemuch,MP,23,15,432,32,33.2,34.4,40.3,44.2,47.5,45.2,45.7,46.1,45.7,50.1,49,51.4,54.7,56.7,53.8,49.3,50.5,48.7,51.7,51.8,56.3,51.1
panna,MP,23,9,426,32.9,36.3,34.2,39.6,41.6,45.3,46.4,41.5,42.2,48.4,54.3,47.9,48.1,54.3,54.1,55.1,51,48.8,52.3,51.4,50.8,57,55.1
raisen,MP,23,29,446,28.5,29.5,30.4,34.4,37.6,40.9,40.5,38.9,41.2,44.3,45.8,44.6,42.6,48.7,48.2,49.4,48,47.7,47.6,48.4,49.5,51.3,51.3
rajgarh,MP,23,25,442,31.6,32,36.2,38.3,43.4,46.5,44.3,44,45.3,47.9,50.1,48.6,47.6,55.4,52.9,53.2,51,50,49.9,53.1,51.8,55,52.8
ratlam,MP,23,17,434,27.7,28.3,33.1,35.8,39.5,43.8,42.4,42.1,45.1,43.9,46.1,46.5,45.8,50.7,50.8,48.6,48.8,47.6,46.4,51.8,50.3,54.6,50.3
rewa,MP,23,13,430,41.4,42.9,42.1,47.1,49.1,53.3,53.3,48.4,47.1,53.3,61.3,53.2,53.8,61.5,61.2,61.6,57.4,53.9,60.9,61.1,58.6,67.8,63.5
sagar,MP,23,10,427,28.9,30.8,31.5,36.3,39.7,43.6,43.3,40.7,41.6,45.6,48.7,46.5,45.1,51.8,51.3,52.7,50.2,48.1,49.5,50,49.5,53.5,50.9
satna,MP,23,12,429,36.9,39.4,37.8,43,44.7,47.7,48.9,43.9,43.8,50.7,57.5,50.5,51,56.8,57.7,58.3,54.6,51.2,56.1,55.8,54.1,61.1,59.4
sehore,MP,23,28,445,30.8,30.3,32.1,35.3,37.7,41.5,40.5,39.7,42.4,44.4,46,45.5,43.9,49.3,47.9,49.8,48.4,48.4,46.3,49.4,49,51.6,52.5
seoni,MP,23,39,456,27.9,29.2,30.8,35.3,36.8,39.1,40.4,36.9,39.6,43.4,44.9,43.4,41.7,46.3,42.8,47,44.7,48,44.5,45.9,46.6,47.3,46.2
shahdol,MP,23,43,460,27.5,29.3,29.6,33.8,35.9,38,40.4,36.8,37.6,42.5,46.7,44,41.4,46.6,46.6,46.8,45.9,44.2,44.2,45.8,44,47.9,45.5
shajapur,MP,23,19,436,31.1,31,35.7,37.6,42.1,45.7,43.8,43.5,45.3,46.8,48.9,48,47.1,53.3,51.8,51.9,50.6,49.4,48.7,52.6,50.5,54.5,52.1
sheopur,MP,23,1,418,40.4,40.5,41,48.2,53.8,58,55,53.5,51.9,55.1,61.6,58.3,60.5,63.4,63.9,60.3,58,58.6,58.3,56.7,59.8,63.9,61.7
shivpuri,MP,23,6,423,38.6,38.9,39.1,45.1,49,54.3,51,49,47.6,51.6,58,53.2,55.7,60.9,59.6,57.2,55.9,55.4,55.4,54.7,55.8,61.5,58.2
sidhi,MP,23,45,462,30.8,32.8,32,36.4,38.2,40.9,43,39.4,39.1,43.9,49.8,45.6,44.4,50.3,50.6,50.3,48.4,45.2,48.1,49.2,46.7,53.6,50.1
singrauli,MP,23,46,463,27.7,29.5,30,34.2,35.5,38.3,40.3,36.5,37,40.7,46.6,42.8,41,47.7,44.6,46.5,44.5,41.7,44.5,44.3,42.1,48.9,45.5
tikamgarh,MP,23,7,424,41.9,43.1,41.1,45.5,48.8,54.2,53.3,51.3,49.5,54.1,60.6,55.7,56.4,62.7,61.4,62,60.5,57.2,58.1,59,58.4,66.2,62.2
ujjain,MP,23,18,435,28.7,29.1,33.5,35.3,38.8,42.8,41.7,41,43.9,43.3,45.2,45.2,44.2,49.2,48.4,47.9,47.9,46.4,45.4,50.3,47.9,52,49.2
umaria,MP,23,14,431,27.3,29.3,29.7,33.8,36.1,37.6,40.6,36.2,37.8,43.1,47,44.2,41.6,46.1,46.5,47.4,46.2,44.9,44.7,46,44.1,47.9,45
vidisha,MP,23,26,443,29.2,30.4,32.6,36.7,41.6,45.2,43.5,41.9,42.4,46,48.9,47.6,45.8,53.9,51.8,52.7,50.8,48.5,49.5,50.8,50.4,53.7,52.1
west_nimar,MP,23,23,440,28.2,27.7,30.9,33.5,33.7,38.2,37.9,37,40.9,41,42.4,41.7,42.4,44.4,43.2,46.4,44.8,46.4,44.8,49,49.8,49.4,51.4
ahmedabad,GJ,24,7,474,41.7,42.3,42,42.6,44.7,47.7,49,47.3,47.4,45.2,48.8,45.5,47,46.3,50.6,48.5,48.9,48.6,45.7,52.9,51.1,54.5,51.2
amreli,GJ,24,13,480,28.2,27.9,28.6,27.5,29.4,32.6,32.5,30.6,31.9,31.4,34.3,31.5,31.3,33.4,34.2,35.2,33.4,34.1,32.3,36.1,36.6,36.3,36.9
anand,GJ,24,15,482,37.2,37.8,38.7,38.3,39.7,42.7,43.6,43.5,43.6,43.1,46.3,43.3,43.4,43.8,47,44.6,46.3,45.1,43.4,49.7,47.7,51.6,46.4
banas_kantha,GJ,24,2,469,41.4,43.2,42.1,48.8,53.2,54.1,54.4,51.3,52.7,46.8,52.2,50.6,50.6,50.3,54.8,51.5,49.8,52.4,48.4,51.3,53.8,52.9,50.2
bharuch,GJ,24,21,488,32.9,33.3,35,34.3,35.5,38.4,39.1,39.2,39.7,40.9,43,40.6,40.2,40.2,41,41.9,42.3,41.7,38.9,45.9,44.6,47.2,46.5
bhavnagar,GJ,24,14,481,31.9,31.8,32.3,29.9,32.2,35.1,35.6,34.2,34.7,34,37,33.9,33.4,34.8,35.8,37.5,36.1,37.1,34.3,39.6,38.8,40.4,40.1
dohad,GJ,24,18,485,30.9,31.2,32.2,34.4,35.5,38.3,37.2,37.1,39.9,38.9,40.5,40.2,41.4,42.2,43.4,42.3,42.3,41.3,39.6,45.3,43.7,46.5,43.6
gandhinagar,GJ,24,6,473,43.2,45.4,42.3,45.2,47.6,51.4,51.2,49.5,51.9,48.8,51.5,48.7,51.4,49.7,54,51.2,52,51,48.8,55.4,54,57.1,53.9
jamnagar,GJ,24,10,477,29.9,28.6,33.1,33.8,35.3,37.6,39.1,35.1,35.8,34.8,38.9,36,36.5,37.7,40.4,39.9,38.5,38.1,36.9,39.1,41.6,41.5,41.3
junagadh,GJ,24,12,479,28.5,27.3,28.6,27.6,28.9,32.5,32,29.9,31,31.3,34.3,31.2,31.3,33.1,34.1,34.9,32.9,32.5,32,34.3,36,35.1,36.1
kachchh,GJ,24,1,468,42.4,40.7,45.4,48.7,52.8,51.3,54.9,50.4,50.7,48,52.6,48.9,50,48,52.3,51.6,50.4,54,48.2,51.3,55.6,51.4,51.5
kheda,GJ,24,16,483,40,40.6,39.9,41.8,43.2,46,46.1,45.9,47.3,45.9,48.4,45.8,47.1,46.5,50.5,47.1,49.1,47.6,46.1,52.5,50.2,54.3,49.5
mahesana,GJ,24,4,471,43.7,46.8,42.8,47.2,50.6,53.5,53.6,50.8,52.9,48.7,52.6,49.8,52.1,50.5,55.3,52.2,51.8,51.4,48.7,54.3,54.4,56.1,52.6
narmada,GJ,24,20,487,25.5,25.7,29,31.1,30.8,34.3,34.3,34.1,36.1,36.8,38.5,37,37.4,36.7,38.3,38.5,38.6,38.7,36.1,42.2,41.1,43.3,41.4
navsari,GJ,24,23,490,20.8,21.8,23.8,25,25.6,29,29.3,28.7,30.1,30.7,32.8,31,31.3,32.1,32.2,33.7,31.9,32.8,31,36.1,35.6,36.3,36.2
panch_mahals,GJ,24,17,484,35.6,36,35.8,38.1,38.9,41.1,40.5,40.5,42.5,41.6,43.5,42.5,43.8,43.5,46.3,44,44.9,43.8,41.9,48.2,46.2,49.9,46
patan,GJ,24,3,470,43.4,44.9,43.6,49.9,53.9,54.5,55.7,52.6,53.6,48.2,54.1,51.3,51.7,49.7,55,52.5,50.9,53,48.6,52.5,54.8,54.5,51.1
porbandar,GJ,24,11,478,32.7,30.1,33.1,32.3,33.2,36.7,36.9,33.8,34,34.4,38.2,35,35.2,36.7,38.4,38.9,36.6,35.9,35.6,37.9,39.8,40,40.1
rajkot,GJ,24,9,476,31.3,31.5,33.7,34.3,37,39.1,41,37.5,38.6,36.3,40.8,38,38.1,39.3,42.8,41.8,40.5,40.8,38.7,42,44.2,43.9,43.7
sabar_kantha,GJ,24,5,472,35.7,37.4,35,39.8,42.3,45.3,44.7,43.8,45.8,43.6,46.6,44.4,46.9,47.3,51.2,47.5,47.3,46.3,44.8,49.1,48.4,51.3,47
surat,GJ,24,25,492,26,26.7,28.3,28.7,29.4,32.7,32.8,32.7,33.9,35.1,37,34.9,35,35.3,35.5,37.2,36.3,36.8,34.7,40.4,39.4,41.1,41.2
surendranagar,GJ,24,8,475,36,36.8,36.7,39,41.6,43.7,45.9,42.9,43.4,40.4,44.6,41.5,41.9,41.6,46.7,44.8,44.2,44.6,41,46.3,46.4,47.8,45.7
tapi,GJ,24,26,493,22.4,22.7,26.4,28.9,28.6,32.4,32.9,32.3,34.2,35,36.8,35.4,36.1,35.7,36.9,38.6,36.7,37.6,35.7,41,40.1,42.3,40.7
the_dangs,GJ,24,22,489,17.2,17.3,21.5,24.9,24.7,28.6,29.1,27.6,29.1,30.4,31.6,30.8,31.5,30.9,31.9,33.7,31.1,31.7,30,35.3,33.9,35.8,34.3
vadodara,GJ,24,19,486,33.1,33.4,34.7,36.2,36.3,39.4,39.4,39.4,41.4,41.1,42.9,41.5,41.7,41.8,43.8,42.6,43.5,42.6,40.3,47.2,45.2,48.3,45.2
valsad,GJ,24,24,491,18.2,18.5,21.4,22.6,23.2,26.5,26.8,25.6,27,27.8,29.3,28.2,28.3,29.5,29.9,30.4,28.6,29.4,27.8,33,32.4,31.6,31.6
daman,DD,25,2,495,21.4,21.3,23.7,24.2,25.1,28.2,29,28,29.3,30.4,32.5,30.8,30.7,32.1,32.6,33,31,32.5,31.6,36.9,36.1,34.6,35
diu,DD,25,1,494,22.5,22.6,21.9,20.7,20.9,23.5,22.6,21.9,22.2,23.3,24.4,22.4,22.5,23.4,23.7,24.4,23.7,23.4,22.9,24.4,25.6,24.3,24.3
dadra_nagar_haveli,DN,26,1,496,18.8,19.1,22.7,24,24.8,28.3,28.6,27,28.8,29.4,30.5,30.1,30,32.1,32.4,32.4,30.8,31,29.9,35,34.5,32.7,32.6
ahmadnagar,MH,27,26,522,20.5,20,27.3,29.3,29.4,31.6,32.4,33.3,35.3,36,37,37.7,38.1,39,36.6,38.7,38.6,39.7,39.4,41.9,40.8,39.7,41.8
akola,MH,27,5,501,25.3,25.4,31,32.6,33.4,37.3,37.5,37.2,41.1,40.5,43,41.8,41.6,43.9,41.8,45.7,44.1,46.1,43.9,48.3,47.6,50.4,50.1
amravati,MH,27,7,503,24.7,25.4,29.7,32.4,33.2,36.7,36.8,36.1,39.7,39.5,41.4,40.7,39.7,42.6,40.6,44.7,43.3,45.7,42.4,46.5,46.7,47.8,47.5
aurangabad,MH,27,19,515,22,21.4,27.8,30.1,30.3,33.9,34.3,34,37,37.6,37.4,37.9,38.4,39.7,37.5,41.3,39.9,41.3,41,44.6,43.3,43.4,45.1
bhandara,MH,27,10,506,32.1,36,34.3,39.5,38.3,41,42.5,40,43,45.3,49,45.3,44.7,49.1,45.8,50.1,49.9,52.5,51.1,51.9,52.3,53.8,55
bid,MH,27,27,523,18.5,18.6,25.9,28.1,28.6,31,30.6,32.3,34.2,35.3,35.9,35.3,35.4,37.2,34.3,36.5,37.2,36.9,37.2,38.9,38.4,38,38.8
buldana,MH,27,4,500,24.6,24.3,30.1,31.6,32.5,36.5,36.7,36.1,39.9,39.5,40.7,40,40.9,42.4,40.9,44.5,43.1,44.4,42.6,47.1,46.3,48.3,48.5
chandrapur,MH,27,13,509,24.8,28.1,27.9,32.3,31.3,33.6,36,35.3,36.9,38.2,42,39.5,38.3,41.3,39.1,42.6,42.6,42.5,43.8,42.8,43.1,44.4,44.6
dhule,MH,27,2,498,26.5,26,29.2,31.6,30.5,35.4,35.9,34.8,37.6,38.6,39.5,38.5,39.1,39.2,39.3,43.3,40.2,42.2,39.6,45.2,44.5,46.5,47.3
garhchiroli,MH,27,12,508,23.3,27,27.9,31.9,31.2,34,36.2,34.8,35.6,38.1,40.2,38.5,36.9,40.7,37.2,40.1,40.7,41.3,40.8,39.9,40.3,40.4,42.5
gondiya,MH,27,11,507,33.6,37.3,34.8,40.5,39.9,42.9,45.1,42.4,45.4,48.4,51.9,47,46.6,51.7,47.4,51.4,51.1,54.1,51.7,52.8,52.8,55.5,55.4
hingoli,MH,27,16,512,22.5,22.4,28.5,30.3,31,33.9,33.8,34.4,38,37.6,39.6,37.8,37.4,39.8,37.7,40.9,39.8,38.9,39,42,42.4,43.3,42.9
jalgaon,MH,27,3,499,27.4,27.3,31.4,33.2,32.9,37.4,37.9,37.4,40.6,41.2,41.8,41.3,42.1,43,42.1,46.3,43.7,45.9,43.5,48.7,48.3,49.8,51.3
jalna,MH,27,18,514,22.2,21.9,28.5,30.3,31.2,34.8,34.9,34.8,38,38.1,38.4,38,38.7,40.4,38.2,41.4,40.6,41.4,41.4,44.7,44,44.2,45.2
kolhapur,MH,27,34,530,17.2,17.5,21.8,22.8,25.9,27.6,25.6,28,27.6,30.5,30.9,32.2,31.1,31.9,30.9,29,32.5,31.1,31.2,33.4,34.3,30.2,34.1
latur,MH,27,28,524,18.4,18.5,25.3,27.2,27.9,30.3,29.6,31.8,33.6,34.7,35.1,34.9,34.1,35.6,33,34.2,36,33.1,34.8,36.6,36.1,34.8,35.2
mumbai,MH,27,23,519,19.1,19.1,20.3,19.2,19.1,20.8,21,21.4,22.1,22.5,24.6,24.1,23.2,24.7,25,23.2,23.7,24.7,26.3,27.4,28.2,23.6,24.1
mumbai_suburban,MH,27,22,518,23.4,23.5,24.8,24,24,26.7,27.1,27.5,28.6,29.1,31.8,30.8,29.9,32.2,32.9,31,31.1,32.7,34.9,35.8,36.6,31.1,31
nagpur,MH,27,9,505,27.9,31.2,31.8,36.7,36.1,38.8,39.6,38,41,42.4,45.9,43.3,42.9,46.1,43.4,47.8,47.3,49.2,48,50,50.3,50.7,51.6
nanded,MH,27,15,511,22,22.7,27.7,29.6,30,31.9,32.2,33.1,36.2,36.2,38.7,36.8,35.8,37.3,35.3,38.2,37.8,36.1,37.4,39.7,40.4,39.9,39.7
nandurbar,MH,27,1,497,24.1,23.5,26.9,29.9,29.4,34,34.3,33.4,36.4,36.7,38.5,37.3,37.8,37.5,38.7,41,39,40.4,38.3,43.3,42.6,44.6,44
nashik,MH,27,20,516,19.6,18.8,24,26.7,26.1,30,31,29.4,31.7,32.7,33.6,33.8,34.7,34.9,34.3,37.1,34.4,35.4,34,38.9,37.2,38,38.3
osmanabad,MH,27,29,525,17.2,17.4,24.5,26.1,27.2,29.3,28.7,31,32.4,34.1,34.5,34.4,33.8,35.3,32.3,33.3,36.2,34,34.6,36.8,36,34.6,36
parbhani,MH,27,17,513,21.4,21.3,28,29.8,30.8,33.4,33,34,36.8,36.9,37.9,36.2,36.6,38.6,36.5,39.3,38.9,38,38.4,40.7,40.9,41.3,41.5
pune,MH,27,25,521,20.6,19.8,26.5,28.2,29.1,30.8,32.2,33.5,34.7,35.5,37.8,37.8,38.6,39.7,37.7,38,38.5,39.5,39.5,42.3,41.1,39.3,42
raigarh,MH,27,24,520,21,20.6,23.3,24.6,25.7,28,28.5,29,29.6,31.2,33.6,33.5,32,35,35.6,33.3,33.7,34,34.5,37.8,37.7,33.7,35.2
ratnagiri,MH,27,32,528,18.9,18.4,21,21.7,23,24.8,23.5,24.3,24,27.1,27.9,29,27.6,28.1,29.5,26.7,29.1,28.7,28.3,30.7,31.3,27.4,30.6
sangli,MH,27,35,531,16.9,17.5,23.4,24.4,26.6,28,27.5,29.4,30,32.3,32,33.3,33.1,34.1,32.3,30.7,34.2,32.8,33.1,34.7,35,31.1,35.2
satara,MH,27,31,527,17.5,17.2,23.2,24.7,26.6,27.8,28.1,29.7,29.9,31.9,32.7,33.4,33.9,35,33.6,32.1,34.5,34.1,34,36,35.9,32.7,36.8
sindhudurg,MH,27,33,529,19.2,19.6,21.5,21.8,23.8,25.9,24.1,25.2,25,28.4,28.8,29.9,27.9,28.2,29,26.1,29.5,28.3,28.7,30.9,31.8,27.6,31
solapur,MH,27,30,526,18.3,19,25.6,26.5,28,29.4,29.2,31.9,32.8,34.6,35.2,35.4,35.1,36.5,33.9,33.9,37,35.2,35.8,37.9,37.3,34.9,37.8
thane,MH,27,21,517,20.2,20.3,23.3,24.8,25.2,28.4,29.3,28.3,29.9,30.4,32.4,32.4,31.5,34.4,34.3,33.7,32.8,33.2,33.1,37,36.7,33.8,33.7
wardha,MH,27,8,504,26,28.8,31.5,35,34.5,37.3,38,38,41.3,41.5,44.9,42.7,41.8,44.5,42.1,46,45.6,46.6,46.6,49.5,49.6,49.6,50
washim,MH,27,6,502,22.2,22.4,28.6,30.2,31.2,34.8,34.8,35,38.5,37.8,40.4,39,38.1,40.6,38.7,41.9,40.5,41.1,40.3,44.4,43.7,45.4,44.7
yavatmal,MH,27,14,510,24.5,25.6,29.9,32,32,34.5,35,35.6,38.5,38.5,41.9,39.9,38.3,40.7,38.9,42.2,41.5,41.3,42.2,44.5,44.8,45.6,45.2
anantapur,AP,28,22,553,20.1,20.8,20.4,24.5,25.9,27.1,28.2,31.1,30.2,31.8,31.2,32.7,32.5,32.3,31.7,30.5,32.9,29.7,29.4,33.9,33.7,30.2,32.4
chittoor,AP,28,23,554,16.1,17.7,18.2,22.9,22.3,23.6,24.9,27.1,25.2,27.1,27.3,28.2,27.2,28.7,27.6,26.8,27.8,25,26.9,29.6,28.8,24.8,25.4
east_godavari,AP,28,14,545,16.7,19.6,21.3,22.9,23.7,24.2,25.8,26.8,29.2,29.7,32.4,32.8,28.7,31.5,30.5,30.2,35.1,30.3,30,32.5,32.6,30.3,29.8
guntur,AP,28,17,548,19.1,21.1,23.7,25.4,25.3,25.9,25.9,28.6,30,30.8,32,33.5,31.3,32.3,30.4,31.2,34.9,29.7,29.8,33.4,33,31.2,31.2
krishna,AP,28,16,547,18.8,20.7,22.7,23.6,24,24.9,25.3,27.4,29.6,30.3,32.1,33.1,30.1,32.2,29.9,30.7,35.1,29.7,29.7,32.5,32.4,30.1,30.7
kurnool,AP,28,21,552,19,21.3,21.5,25,25.7,26.2,25.5,28.7,29.7,30.4,30,31.8,32,31.1,29.6,29.3,32.6,28.8,28.9,32.4,32.8,29.2,30.7
prakasam,AP,28,18,549,17,19.1,20.7,23.5,22.5,23,23.2,25.7,26.4,27,28.8,29.7,28.3,28.1,26.4,27.4,30.6,26.1,26.4,30,30,27.4,27.3
sri_potti_sriramulu_nellore,AP,28,19,550,18.9,21.6,22.2,24.4,22.6,23.3,24.1,26.9,25.6,27.7,28.7,28.8,26.7,27.4,26.3,27,29.4,25,28,30.5,29.6,27,26
srikakulam,AP,28,11,542,16.2,17.3,18.8,21.1,21.5,21.8,23.3,24.3,25.9,27,30.6,29.9,26,30.5,28.9,27.3,33.1,30.3,30.2,31.7,30.8,30.5,30
visakhapatnam,AP,28,13,544,13.8,15.8,17.6,21.3,21.6,21.6,23.3,23.9,25.5,26.3,28.9,29.7,25.8,29.8,27.9,28.2,32.2,29.3,28.6,30.4,31,29.2,27.4
vizianagaram,AP,28,12,543,17.3,18,20.3,24.4,24.2,24.5,26,26.8,28.6,29.9,33.2,32.7,29.7,34.2,31.8,31.5,36.8,35.3,34.1,35.7,35.4,34.3,33.4
west_godavari,AP,28,15,546,18.7,21,23,23.9,24.9,26.2,27.2,29,31.2,32,34.2,34.6,31.5,33.9,31.6,32,37,31.9,31.7,34.1,34.1,31.5,32.4
ysr_kadapa,AP,28,20,551,18.2,19.6,19.3,23.8,23.3,23.9,25,28.1,26.3,28.7,29.4,30.4,29.8,30.6,28.2,28.4,30.4,27.5,27.9,31.3,31.6,27.1,28.7
bagalkot,KA,29,2,556,17.8,19.3,21.7,23.1,24,25.5,25,26.9,27.6,30.5,29.1,31.6,31.9,32.5,30.6,28.7,32.7,30.2,29,32.6,32.3,28.4,32.4
bangalore,KA,29,18,572,18.9,19.9,20.9,27.4,27.5,28.7,32,32.4,32.4,32.4,33.7,33.3,33.6,35.4,34.7,32.8,34.7,31.8,32.3,36.4,35.2,30.3,32.3
bangalore_rural,KA,29,29,583,18,19.2,20.4,26.3,26.5,27.2,30.2,30.5,29.9,30.5,30.9,30.9,31.2,32.6,32.1,30.4,32.1,29.2,29.1,33.4,32.1,27.8,29.4
belgaum,KA,29,1,555,17.7,18.8,22,22.6,24.6,26.1,25.5,27.7,27.8,31,29.8,32.3,31.2,32.5,30.5,28.5,32.6,30.1,29.9,32.6,32.8,28.9,32.9
bellary,KA,29,11,565,19.1,19.7,20,22.9,24.5,26.2,25.4,28.7,28.2,29.1,28.6,31.4,31.3,30.9,30.7,28.6,31.9,28.7,27.7,31.9,31.1,28.6,30.9
bidar,KA,29,4,558,17.8,17.9,23.3,25.1,25.5,27.4,27.1,29.2,30.8,32,32.6,33.2,31.5,32.6,30.7,31.3,33.6,30.4,32.2,33.7,33.3,30.9,31.4
bijapur,KA,29,3,557,17.9,19.4,24.1,24.7,26,27.1,26.4,28.8,29.4,31.7,30.7,32.3,32.1,32.7,31.1,30,34,30.9,31.3,33.8,33.8,30.1,33.6
chamrajnagar,KA,29,24,578,14.2,14.8,17,22,22.4,22.3,24.7,24.3,25.6,24.8,26.5,25.4,26.1,27.9,26.5,24,26.6,24.9,24.8,26.8,26.8,23.1,24.5
chikkaballapura,KA,29,28,582,18.2,18.9,19.8,25.4,26.3,27.6,30.5,32.3,30.1,31.9,31.4,31.7,31.7,33,32.5,31.1,32.2,29.5,28.9,33.8,33.2,28.7,31.6
chikmagalur,KA,29,16,570,10.7,12.9,14.5,16.7,18.7,19.4,19.2,19.8,19.7,21.3,21.6,21.5,22.1,21.5,21.3,19.8,23.2,21.9,20.8,23.1,22.4,19.3,21.2
chitradurga,KA,29,12,566,17.4,18.2,18.9,22,24,25.5,26,28,27.7,28.2,28,29,28.7,29.2,29.3,27,30.3,27.3,26.4,30.3,29.6,27.2,28.6
dakshina_kannada,KA,29,21,575,9.9,11.8,13.5,15,16,17.2,16,15.8,16.3,18.8,19.2,19.7,18.8,18.8,18.5,17.8,21.2,19.8,19.2,21,21.4,17.4,19.3
davanagere,KA,29,13,567,16.4,17.4,18.3,20,22.4,23.3,23.5,25.8,24.7,25.9,25.8,27,26.4,26.7,27.1,24.3,28.5,25.7,24.2,27.6,26.6,24.2,26.4
dharwad,KA,29,8,562,17.8,19,19.3,20.1,22,22.6,23.3,25.1,24.8,26.9,25.7,28.9,27,27.2,27.2,24.3,28.8,25.7,23.6,28.2,27.7,24.8,28
gadag,KA,29,7,561,19.4,20.2,19.9,22,22.8,24.4,24.5,26.5,26.6,28.5,27.1,30.5,29.8,29.8,29.5,26.2,30.4,27.5,24.7,30.1,29.3,26.5,29.5
gulbarga,KA,29,25,579,18,19,24,25.2,26.5,27.5,26.9,29.9,30.9,31.9,31.8,32.8,31.6,32.7,31.1,31.1,34.9,31.3,32.5,34.8,34.3,30.9,32.8
hassan,KA,29,20,574,10.9,12.9,14.4,17.3,18.8,20,20.3,20.4,21.1,22,22,22.2,22.8,22.5,22.3,21.1,23.3,23.1,21.5,23.8,23.4,20.3,21.8
haveri,KA,29,10,564,15.5,16.9,17.3,18.6,21.6,22,22.5,24.5,23.5,25,24.7,26.6,25.5,25.4,26.2,23.1,27.8,24.7,22.7,26.5,26,23.2,26.1
kodagu,KA,29,22,576,7.1,8.5,9.9,11.3,12.7,13.5,13.5,12.9,14.4,14.8,15.4,15.9,15.4,15.1,15.1,14.3,16,16.1,15.6,16,16.8,14.1,15.5
kolar,KA,29,27,581,15.7,16,17.3,23.8,23.7,25.6,28.1,28.3,27.4,27.9,28.5,28.7,28.6,30.4,29.6,28.3,28.5,25.9,26.2,30.4,29.4,24.4,27.3
koppal,KA,29,6,560,19.3,20,20,22.9,23.8,25.8,25,27.7,27.7,29.3,28.2,31.6,31.9,31.3,30.5,28.6,31.9,29.1,27.3,32.2,31.3,28.4,31.2
mandya,KA,29,19,573,15.9,18.1,20.4,23.5,24.6,25,26.7,27.6,28.8,29,29.4,29.1,30,31.8,29.9,28.1,30,28.9,27.5,30.5,30.4,26.7,27.9
mysore,KA,29,23,577,11.3,12.7,14.9,16.8,18.4,18.7,20,20.1,21.8,21.3,22.4,21.8,22.5,22.8,22,20.5,22.4,22.1,21.1,22.3,22.9,19.8,21.5
raichur,KA,29,5,559,21.4,22.9,23.5,25.6,27,27.8,26.3,29.8,30.5,30.9,30.5,32.5,33.6,32.8,31.3,31,33.9,30.7,31,34.7,33.8,30.9,33.7
ramanagara,KA,29,30,584,17.5,19,20.3,26.5,26.9,27.3,30.1,30.2,30.7,30.9,31.4,31.2,31.8,34.1,32.8,30.5,32.5,30.1,29.8,33.1,32.4,28.1,29.1
shimoga,KA,29,14,568,12.7,15,15.9,17.5,20.3,20.6,20.4,21.5,20.8,23.4,23.7,23.8,23.7,23.2,23.3,21.2,25.7,23,22,24.7,24.3,20.7,23.7
tumkur,KA,29,17,571,17.6,19.1,19.7,24.1,25.5,26.7,28.5,29.6,29.6,30.3,29.7,30.5,30.5,31,30.7,29,31.7,29.4,28.3,33,32.1,29.3,30
udupi,KA,29,15,569,12.5,14.3,15.8,17.1,18.5,19.4,18.2,18.6,18.1,21.9,22.2,22.3,21.3,21.4,21.2,20,24.3,22.1,21.7,24,23.7,19.6,21.6
uttara_kannada,KA,29,9,563,16.1,17.5,18.7,19.7,22.1,22.8,22.1,23.7,22.9,26.2,26.1,27.1,25,25,25.6,23.2,27.8,24.7,24.6,27.4,27.3,23.5,26.9
yadgir,KA,29,26,580,19.9,21.4,23.6,24.9,26.3,26.9,25.7,29.2,29.7,30.2,29.6,30.8,31.1,31.4,29.8,29.8,33.3,29.8,31,33.9,33.2,29.8,32.4
north,GA,30,1,585,20.6,21.8,23,23.3,24.6,26.2,25.1,26.6,26.3,29.4,29.9,31.3,28.4,29.3,29.9,27.6,31.1,29.7,30,31.8,32.8,28.4,31.9
south,GA,30,2,586,18.7,20,21.2,21.7,23.4,24.7,23.8,25,24.5,27.6,28.3,29.1,26.4,27,27.9,25.5,29.1,27.3,27.7,29.8,30.3,26.3,29.5
lakshadweep,LD,31,1,587,0,0,0,0,0,0,0,0,0,0,0,0,0,0,0,0,0,0,0,0,0,0,0
alappuzha,KL,32,11,598,11.7,12.7,14.5,14.8,15.5,17,18.4,17.9,18.3,18.4,19.4,20,18.1,19.6,18.9,17.5,18.5,16.7,20.2,19.1,21.9,17,18.6
ernakulam,KL,32,8,595,10.9,12.4,13.9,14.8,16.3,17.4,18.7,18.1,18.1,18.3,19.9,20.4,18.5,20.8,19.5,17.8,19.7,18.1,21.8,20.1,22.5,17.5,18.9
idukki,KL,32,9,596,9.5,10.2,11.5,13.5,13.1,14.7,15.3,15.8,15.8,15,16.6,16.2,15.8,17.4,15.8,15,16.6,14.4,16.8,16.3,17.4,14.1,15.1
kannur,KL,32,2,589,8.9,10.1,11.4,12.7,13.5,14.5,14.5,13.5,15.1,16.3,17.1,17.8,15.9,16.3,15.9,15.6,18,17.7,17.5,18.1,19.2,16.1,17
kasaragod,KL,32,1,588,9.4,10.8,12.3,13.3,14.2,15.5,14.7,13.9,14.8,16.8,17.3,17.5,16.3,16.4,16.1,15.8,18.8,17.5,16.7,18.4,19.1,15.7,16.2
kollam,KL,32,13,600,10.7,11.4,13.4,14.1,14,15.6,16.2,16.2,17.1,17,18,17.8,17,18.8,17.4,16.1,17.3,15.3,18.3,17.5,20.5,15.4,16.4
kottayam,KL,32,10,597,11.1,12.2,14.1,15.4,16.3,17.8,18.9,19,19.5,19.3,20.9,21.3,20.2,21.5,20.4,19,20.6,18.4,22,20.4,23,18.3,20.2
kozhikode,KL,32,4,591,9.6,10.5,12.2,12.7,14.1,14.9,15.7,14.7,16,17,17.8,19.5,17.2,18,17.2,16.8,19,18.5,19.8,19.3,20.8,17,18.7
malappuram,KL,32,5,592,8.3,9.5,11.2,11.8,13,13.7,14.8,14.3,15.3,15.9,16.9,18.1,16.3,17.6,17.1,15.8,18.2,17,19.1,18,20.1,15.9,18.1
palakkad,KL,32,6,593,8.1,9.3,10.5,11.9,12.4,13.2,14.1,14.4,15,15.2,16.5,16.6,15.8,17.5,16.5,14.8,17.1,15.5,17.3,16.5,18.4,14.4,16.2
pathanamthitta,KL,32,12,599,10.3,11.2,12.9,14.4,14.3,15.9,16.6,16.9,17.9,17.2,18.7,18.3,17.6,18.9,17.9,16.7,18.1,15.8,18.8,18,20.7,15.7,17.2
thiruvananthapuram,KL,32,14,601,12,13,14.8,15.7,15.2,16.7,17.3,17.4,17.8,18.3,19.3,19,18.3,20.7,18.6,17,18.5,16.3,19.8,18.7,22.2,16.7,17.3
thrissur,KL,32,7,594,10.2,11.6,12.8,13.5,14.3,15.5,16.2,15.9,16.2,16.9,18,18.5,17.2,19.2,18,16.1,18.6,16.6,19,18.2,20.3,15.8,17.5
wayanad,KL,32,3,590,6.2,7.1,8.7,10.2,11.3,11.9,12.6,11.9,13.5,13.2,14.2,15,13.9,14,14.2,13.2,14.7,14.6,15.3,14.9,15.7,13.1,14.4
ariyalur,TN,33,15,616,21.9,25.5,24.3,26.6,26.3,25.7,27.3,28.7,26.7,28.4,28.6,27.9,29.5,29.2,29.1,28,29.6,24,29.7,29.2,30.9,27.4,25.6
chennai,TN,33,2,603,19.1,22.8,23.5,23.8,23.4,24.1,24.1,26,26.1,27.6,28.2,28,26,26.7,27.6,26.4,28.9,24.2,29.2,29.3,28.3,27.7,25.2
coimbatore,TN,33,31,632,12.6,13.7,14.2,17,16.7,17.6,19,19.6,20.8,20,22.3,20.9,21.2,23.8,21.8,19.9,22.3,20.1,22.4,22.4,23.4,19.3,21
cuddalore,TN,33,16,617,0,0,0,0,0,0,0,0,0,0,0,0,0,0,0,0,0,0,0,0,0,0,0
dharmapuri,TN,33,29,630,17.9,18.3,19.8,26.9,24.7,25.5,28.4,28,28.5,28.4,29.7,30.4,30,33.5,31.5,28.8,30.6,27.1,29.6,31.4,31.7,27.2,27.4
dindigul,TN,33,11,612,16.5,18.2,18.4,22,21.5,21.9,22.9,24.6,24,23.7,24.4,24,25.8,28.1,25.2,23.7,25.4,22.8,25.7,27.4,27.5,24.1,24.6
erode,TN,33,9,610,16.6,17.6,18.4,23.4,23,22,24.6,25.4,26.4,26.5,28.6,27,27.7,31.1,28.4,26.2,28,25.3,27.8,29.5,29.3,25.2,27
kancheepuram,TN,33,3,604,23.2,29,29.8,30.5,29.6,29.8,30.2,33.5,32.9,34.4,35.1,34.3,32.3,32.3,33.6,31.7,33.4,28.6,34.9,34.3,32.4,31.6,28.4
kanniyakumari,TN,33,28,629,14.7,16.3,17.8,18.5,17.6,18.6,19.1,20.1,19.6,20.4,21.4,20.6,20.2,23.2,20.2,18.4,20.6,18.1,21.9,20.9,24.4,19.2,19.6
karur,TN,33,12,613,19.9,22.4,20.9,25.7,24.8,24.5,25.9,28.2,27.4,28,28.4,28.7,30.6,33.1,30.7,28.3,30,26.7,29.8,31.9,32.6,28.2,29.3
krishnagiri,TN,33,30,631,17.4,17.5,19.2,26.5,25.6,26.8,29.9,29.1,29.5,29.3,30.6,30.9,30.9,33.6,32.4,29.9,31.1,28,29.2,31.5,31.6,26.8,27.7
madurai,TN,33,22,623,17,19.2,20.5,22.6,22.2,22.3,23.9,25.5,24.9,24.8,25.8,24.6,26.1,27.1,26.2,24.4,26,22,26.2,26.4,28.2,24.2,24.7
nagappattinam,TN,33,17,618,21.3,24.3,24.7,24.8,24.5,24.4,24.6,26.3,24.9,25.9,26.3,25.9,26,25,26.1,25.6,27.4,22.2,27.6,27,27.8,25.4,23.7
namakkal,TN,33,8,609,20,22.3,21.8,27,25.2,24.5,27,28.9,29,29.7,30.7,31,31.9,35.2,32.2,29.7,31.3,27.4,31.2,33.3,33.6,29,30.3
perambalur,TN,33,14,615,20,23.1,22.7,26,24.9,24.7,27.1,29.3,27.7,28.8,29.4,28.6,30.2,31.1,30.3,28.6,30.4,24.3,29.9,29.4,31.5,27.7,25.3
pudukkottai,TN,33,20,621,21.1,23.1,22.7,24.6,24.1,23.4,24.8,26.8,25.5,26,26.7,25.6,27.3,27.4,27.7,25.7,28.3,23.1,26.3,27.1,30.4,25.7,25.7
ramanathapuram,TN,33,25,626,19.6,21.9,22.9,23.9,23.1,23.1,24.7,26.6,25.8,25.7,27.4,25.7,26.2,25.8,27.1,24.6,26.4,22.5,25.5,26.3,30.4,25.8,25.8
salem,TN,33,7,608,18.1,19.5,20.2,26.1,23.8,23.8,26.5,27.5,27.6,27.7,29,28.7,29.2,32.5,30.3,28,29.8,25.4,29.2,30.6,31.2,26.9,26.8
sivaganga,TN,33,21,622,19.5,21.2,21.9,23.9,23.4,23.2,24.7,26.7,25.9,25.7,26.9,25.5,26.7,26.6,27.4,25,27.6,22.8,26.1,26.9,30.8,25.9,26.5
thanjavur,TN,33,19,620,21.7,24.6,24.1,25.5,25.3,24.5,25.5,27.2,25.8,26.9,27.6,26.6,28.2,27.7,28.3,27.3,29.1,23.8,28.3,28.5,31,27,26.3
the_nilgiris,TN,33,10,611,7.1,7.8,9.2,11,12,11.9,13,12.9,14.4,13.3,15.3,14.7,14.2,15,14.7,13.3,15.1,13.7,15.7,14.9,15.7,12.5,14.1
theni,TN,33,23,624,13.2,14.7,16.8,18.8,18,19.1,20.3,21.2,20.9,20.2,21.7,20.4,21.5,24,21.4,20.7,21.9,19.3,22.6,23.1,23,20.3,20.5
thiruvallur,TN,33,1,602,21.9,27.1,27.1,28.8,27.2,27.7,27.9,31,30.2,31.9,32.2,32.2,30.3,30.6,30.9,29.8,31.9,28.1,33,33.7,32.6,30.8,27.2
thiruvarur,TN,33,18,619,21.1,23.9,24.3,24.8,24.9,24.4,24.6,26.1,24.8,25.7,26.4,25.6,26.5,25.5,26.6,26.1,27.9,22.7,27.6,27.5,29.3,26.1,25.1
thoothukkudi,TN,33,26,627,19,21.5,23.2,24.8,23.1,24,25.3,27,26.3,26.4,28.1,26.5,27,27.5,26.9,24.9,26.5,22.8,26.6,27.6,31.3,25.9,26.1
tiruchirappalli,TN,33,13,614,20.1,22.6,21.5,25.1,24.2,23.6,25.6,27.9,26.5,27.5,27.9,27.4,29.3,30.8,29.5,27.5,29.6,24.5,28.6,29.4,31.6,26.9,26.6
tirunelveli,TN,33,27,628,15.7,18,20.3,21.6,20.5,21.7,22.6,23.7,23.5,23.4,25.2,24,24,25.8,23.9,22.4,24,20.9,24.5,24.7,28.1,22.6,23.2
tiruppur,TN,33,32,633,17.8,19.2,18.7,23,22.5,23.2,24.7,25.8,26.5,26.4,28,27,28.4,31.8,28.5,26.3,28.5,26,28.6,30.6,30.2,26.4,27.5
tiruvannamalai,TN,33,5,606,20.5,23.6,24.5,27.8,26.2,26.3,27.5,29.7,28.9,30,30.1,32.3,30.7,32.2,32.2,29.9,31.7,26.4,31.5,32.2,32.2,28.9,27.3
vellore,TN,33,4,605,18,19.9,21.1,25.4,24.3,24.9,25.8,27.8,27.1,28.3,28.4,30.3,29.1,30.6,30,28.1,29.1,25.8,29.5,31.1,30.8,26.7,26.2
viluppuram,TN,33,6,607,22.4,26,25.9,28.4,26.8,26.9,28.4,30,28.6,30,30.3,31.2,30.1,31.1,31.3,29.3,31,25.1,30.7,30.7,30.8,28,25.6
virudunagar,TN,33,24,625,15.8,18.1,19.3,20.8,20.3,20.8,22.7,23.9,23.5,23,24.4,22.8,23.3,23.9,23.9,22.2,23.7,20.1,23.4,23.7,26.2,22.3,22.4
karaikal,PY,34,4,637,22.6,25.6,25.9,25.9,25.7,25.7,25.9,27.7,26.4,27,27.5,27.2,27,26.1,27.6,27.1,29.2,23.3,29.5,28.4,28.7,26.5,24.7
mahe,PY,34,3,636,14.4,15.3,16,15.9,17.1,17.7,18.2,17.1,18.5,20.2,21.4,23.2,19.8,20.8,19.6,19.7,22.3,21.5,22.7,23.1,24.4,20.1,21.3
puducherry,PY,34,2,635,23.4,27.6,27.9,28.6,27.7,28.1,28.9,30.8,29.4,31.1,31.4,31.4,29.8,29.7,30.9,29.8,31.3,26,32.4,31,30.3,28.5,26.3
yanam,PY,34,1,634,19.5,22.1,25,24.1,25.3,24.8,27.2,28.5,31.4,31.6,35.7,35.1,29.4,33.3,32.2,31.7,37.6,31,32.1,35,33.6,30.4,31.2
nicobar,AN,35,1,638,6.4,6.8,7.6,7,7.1,8,8.8,7.5,8.6,8.7,8.5,8.4,9.3,8.2,9.1,9.5,9,8.1,9.6,7.4,7.5,9,8.6
north_middle_andaman,AN,35,2,639,16.7,16.5,17.6,18.2,19.5,18.4,20.4,18.9,21.1,20.1,20.4,22,20.6,20.5,22.1,21.8,25.2,20.2,21,18.8,21.1,20.8,20.5
south_andaman,AN,35,3,640,12.2,11.9,13.4,14,14.9,14.6,16.6,14.6,16.9,15.9,16.5,17.5,16.5,16.7,18.4,17.7,19.4,15.8,17.9,15.6,17.2,16.9,16.8
adilabad,TS,36,1,532,20.8,22.9,24.7,28.1,27.8,29.2,30.6,30.5,32.6,33.6,35.8,34.9,33.5,35.6,34,36.5,36.2,35.5,36.1,36.8,37.7,38.3,38.1
hyderabad,TS,36,5,536,23,24.2,25.9,28,29.1,30.8,30.9,33.9,35.6,36.3,37.5,39.2,38.3,38.1,36.9,37.8,39.6,36.3,40,42.8,42.1,38.3,39.4
karimnagar,TS,36,3,534,21.6,24,25.2,27.6,27.1,28.3,29,29.9,31.3,33.3,33.6,34.4,33.4,34.4,33.5,35.3,35.7,34.7,36.1,36.9,37.5,37,38.6
khammam,TS,36,10,541,16.7,19.6,20.6,23.2,23.1,24.7,24.8,25.9,27.7,29.2,30.4,31.4,28.9,31.3,29.3,30.1,32.9,30.4,28.8,30.7,32,30.3,30.8
mahbubnagar,TS,36,7,538,19.6,22.5,22.9,25.3,26.3,26.7,25.5,28.7,29.5,29.7,29.3,30.7,30.6,31.2,29.4,29.9,32.6,28.9,30.2,32.6,32.3,29.3,30.3
medak,TS,36,4,535,20.4,21.1,23.8,25.9,26.5,27.7,27.9,29.9,31.4,32.2,32.5,34.1,32.5,32.8,31.9,32.9,34.1,31.8,33.5,35.1,34.9,33.2,33.8
nalgonda,TS,36,8,539,21.6,23.8,25.3,27.4,26.8,27.8,27.1,30.2,31,32,32,33.9,33.2,33.1,31.2,32.7,34.8,31.6,32.9,35.4,35.1,33.3,34.6
nizamabad,TS,36,2,533,21.5,22.8,25.1,27.4,27.3,28.2,28.9,30.1,32.1,33,34.2,34.2,33.3,33.7,32.8,34.4,34.8,32.8,34.5,37.1,37.7,36.6,36.7
rangareddy,TS,36,6,537,19.5,20.9,22.9,25.3,26.7,27.8,27.3,30.2,31.2,31.6,32,33.2,32.4,32.9,31.9,32.5,34.4,31,32.9,34.5,34.1,30.9,32.1
warangal,TS,36,9,540,18.5,21.5,22.2,24.4,24.5,25.6,25.7,27.6,28.6,30.4,30.2,31.8,30.2,31.3,30,31.5,32.6,31.1,31.4,32.7,33.1,31.8,33.9
data_not_available,JK,99,99,0,,,,,,,,,,,,,,,,,,,,,,,
